UNIT,MSR_DATE,FROM_UNIT,TO_UNIT,GUDID,QTY
ServiceCall,2020-02-16,IT,Sourcing,814106016120,Services
Support,2022-03-02,Support,Support,817617028736,Support
Helpdesk,2021-09-02,ServiceCall,Support,8717213003453,ServiceCall
IT,2021-11-20,Sourcing,ServiceCall,10195594977658,Sourcing
ServiceCall,2021-12-25,Sourcing,Helpdesk,887517888556,Sourcing
ServiceCall,2020-01-07,Services,Maintenance,889024243903,ServiceCall
Services,2021-05-16,Sourcing,ServiceCall,3700780606306,Helpdesk
Support,2021-10-15,Helpdesk,ServiceCall,4046445595226,IT
Maintenance,2020-10-07,Maintenance,Services,10193489550276,Maintenance
IT,2021-07-15,Support,IT,10888857419599,Helpdesk
Sourcing,2021-04-19,Helpdesk,Helpdesk,10603295381143,IT
Services,2020-07-15,Services,Maintenance,634916009279,Helpdesk
Support,2020-07-23,Services,Sourcing,311917159355,Sourcing
Sourcing,2021-08-29,Sourcing,Helpdesk,385640003209,ServiceCall
Support,2020-10-16,Maintenance,ServiceCall,850003355788,Helpdesk
Sourcing,2022-02-27,Helpdesk,Sourcing,887868468162,Sourcing
Support,2020-10-29,Helpdesk,Maintenance,840180503690,Sourcing
IT,2021-12-14,Helpdesk,Sourcing,10080196764860,Helpdesk
Sourcing,2020-12-17,Maintenance,Services,H65810069281,Support
Services,2021-07-23,Sourcing,ServiceCall,190776016739,Maintenance
Services,2021-10-02,ServiceCall,ServiceCall,10381780257165,Sourcing
IT,2021-11-17,IT,ServiceCall,888118129543,IT
Sourcing,2021-07-03,Sourcing,Support,643169077690,ServiceCall
Helpdesk,2021-08-02,Helpdesk,Support,8719616008479,Sourcing
Helpdesk,2020-08-09,Helpdesk,Services,5999860094210,Maintenance
Maintenance,2022-03-14,Maintenance,IT,10381780083351,IT
Sourcing,2022-02-01,Support,Helpdesk,842180119345,IT
Sourcing,2021-01-22,ServiceCall,Sourcing,848838058110,Services
Sourcing,2021-01-12,Services,Sourcing,10195327055912,Support
Services,2020-03-13,Maintenance,Maintenance,B551DMD2090500,IT
ServiceCall,2020-10-21,Support,Sourcing,7899080374599,Sourcing
ServiceCall,2020-01-25,Sourcing,Sourcing,8055510178680,ServiceCall
Helpdesk,2022-02-18,Maintenance,Helpdesk,10381780102823,Services
Services,2020-11-07,Maintenance,ServiceCall,849044023275,Support
Helpdesk,2021-07-10,Maintenance,Maintenance,812926022185,Sourcing
Services,2020-12-24,Maintenance,ServiceCall,4046445922107,Maintenance
Services,2022-03-19,ServiceCall,Sourcing,8800061304046,ServiceCall
Maintenance,2020-10-29,IT,Services,190746040696,IT
IT,2020-02-14,Sourcing,Support,4050659181830,Helpdesk
Sourcing,2021-01-31,ServiceCall,Maintenance,10889942341344,Support
Support,2021-05-24,Sourcing,IT,888912011495,Services
IT,2021-10-30,Helpdesk,Sourcing,8719699710276,Services
Sourcing,2020-01-08,Support,Support,10612479189383,Sourcing
Maintenance,2021-08-10,ServiceCall,Sourcing,887517378484,Support
ServiceCall,2022-02-07,Sourcing,Sourcing,841036238506,IT
Services,2020-01-01,Sourcing,Sourcing,8800056252666,Sourcing
Maintenance,2021-03-30,ServiceCall,Helpdesk,841193117966,ServiceCall
Maintenance,2021-10-27,Helpdesk,Support,5706069792904,Sourcing
Support,2022-03-01,Sourcing,ServiceCall,817580021697,Services
Maintenance,2020-03-19,Services,Support,10884389614976,Support
IT,2021-01-25,Maintenance,IT,10886982202666,Services
Sourcing,2020-05-03,Sourcing,IT,840018623095,Maintenance
IT,2021-05-14,Helpdesk,Sourcing,10195594061111,Sourcing
Services,2021-04-09,Sourcing,ServiceCall,190376079264,Sourcing
Services,2022-04-10,ServiceCall,Helpdesk,10888857360808,Services
Services,2022-02-23,Support,Services,843575104151,Maintenance
Sourcing,2021-12-16,Maintenance,Services,10195594375836,ServiceCall
ServiceCall,2020-09-27,Sourcing,ServiceCall,10304040068974,Support
Support,2021-05-22,Support,IT,8714729191858,Services
Sourcing,2020-04-23,ServiceCall,Sourcing,4546540375599,Support
Sourcing,2022-01-29,Services,Maintenance,887868121401,Helpdesk
Sourcing,2021-12-16,Sourcing,IT,4250869603195,IT
ServiceCall,2022-02-07,Helpdesk,ServiceCall,842102110511,Maintenance
ServiceCall,2020-06-26,Sourcing,Maintenance,5414734013178,Services
IT,2021-05-09,Support,IT,4710810104527,Maintenance
ServiceCall,2020-12-29,IT,IT,8800049427989,Services
Sourcing,2022-02-07,Services,IT,10193489203875,Maintenance
Support,2021-08-11,Helpdesk,Sourcing,745129221553,Helpdesk
IT,2022-01-15,Services,Services,4251282504960,Services
Maintenance,2022-01-17,Support,ServiceCall,7630040733298,Sourcing
Maintenance,2021-07-29,Sourcing,Sourcing,4019702238525,IT
Maintenance,2021-09-06,Support,Sourcing,10887488737997,Helpdesk
ServiceCall,2022-01-13,Maintenance,Support,647921230248,Support
Maintenance,2020-02-22,Support,Sourcing,192029031230,ServiceCall
Maintenance,2020-12-24,Support,Helpdesk,885556021910,Services
Helpdesk,2021-07-18,Services,IT,190776173036,Maintenance
Maintenance,2020-11-26,Maintenance,Services,10888439884777,Sourcing
Sourcing,2020-05-28,Services,Helpdesk,8800044741998,Support
Services,2021-03-21,Helpdesk,Maintenance,4058749000436,Sourcing
Support,2021-07-02,IT,Sourcing,J017B42461500,Sourcing
Support,2021-09-13,ServiceCall,IT,849296003353,IT
Sourcing,2021-09-17,Helpdesk,Sourcing,10888277843097,IT
Sourcing,2021-08-01,Sourcing,Services,10195594227647,Sourcing
Services,2021-10-21,Sourcing,Maintenance,643169014657,Helpdesk
Sourcing,2020-05-14,Helpdesk,Support,5708296215034,Helpdesk
Maintenance,2021-08-15,Services,Sourcing,10195594151935,Sourcing
Support,2020-01-04,IT,Sourcing,10757770566973,Sourcing
Sourcing,2022-03-16,Maintenance,Maintenance,10193489601602,ServiceCall
Services,2021-11-03,IT,Services,10193489883077,IT
Sourcing,2021-10-09,Sourcing,ServiceCall,842180133754,Helpdesk
Support,2020-10-17,ServiceCall,Services,889024400665,Maintenance
ServiceCall,2021-09-06,Helpdesk,Sourcing,850490007412,IT
Maintenance,2020-03-12,Support,Helpdesk,10190752125230,Sourcing
Services,2021-05-02,Sourcing,Sourcing,8800057235408,ServiceCall
Helpdesk,2021-07-24,Helpdesk,Maintenance,H787117197090,Support
ServiceCall,2020-11-28,Support,ServiceCall,887517102263,Services
Support,2020-03-19,Sourcing,Services,10889981061340,IT
IT,2021-08-14,Services,Sourcing,8809740718686,Support
ServiceCall,2021-05-21,Services,Sourcing,10888857228030,Helpdesk
ServiceCall,2021-11-12,Maintenance,Sourcing,840916123772,Sourcing
Services,2022-03-06,ServiceCall,Sourcing,889024139817,Services
Maintenance,2022-03-29,Support,Sourcing,8800000975030,Sourcing
Maintenance,2021-02-04,IT,ServiceCall,10705034709628,IT
Sourcing,2021-01-28,Support,Services,8800033857822,Support
IT,2021-12-10,Helpdesk,Services,3700569612214,Maintenance
IT,2021-05-02,Sourcing,Support,721734480103,Services
Helpdesk,2021-01-07,ServiceCall,Services,8806388239399,Sourcing
Sourcing,2021-09-08,Services,Sourcing,195377018953,ServiceCall
Services,2021-08-06,IT,Services,4055207022153,Services
Sourcing,2021-01-15,Support,Sourcing,192896008786,IT
Sourcing,2020-05-12,Maintenance,ServiceCall,190707072179,ServiceCall
Maintenance,2020-06-24,IT,Maintenance,M824SC5500100L1,Helpdesk
Services,2021-01-06,ServiceCall,Helpdesk,18809407786499,Support
Maintenance,2020-10-25,IT,Services,10649111428623,Sourcing
Maintenance,2020-04-30,Support,Sourcing,10887488927909,ServiceCall
Maintenance,2021-03-26,Sourcing,Sourcing,B15176306A0,Helpdesk
Helpdesk,2020-08-09,Sourcing,Maintenance,4057532325633,Sourcing
ServiceCall,2022-02-28,IT,Sourcing,M365SC1110020,Sourcing
Sourcing,2022-01-08,Sourcing,IT,10195594965457,IT
Sourcing,2020-04-16,IT,Sourcing,841036216085,Services
Maintenance,2020-02-09,Sourcing,Maintenance,10888439578713,Support
Services,2020-01-14,Support,Sourcing,888151008669,Sourcing
Services,2020-07-27,Maintenance,Services,D661R839F012FG1,Sourcing
IT,2021-05-07,IT,Sourcing,DVIV6263971,Services
Helpdesk,2020-05-05,Services,Services,M695M2P287810S0,Support
Sourcing,2020-01-06,Helpdesk,ServiceCall,613994784209,Support
IT,2020-12-22,Sourcing,IT,8806378326825,Support
Helpdesk,2020-05-02,Sourcing,ServiceCall,817012024630,Sourcing
Support,2021-06-14,Sourcing,Services,817401020496,Sourcing
Maintenance,2020-12-28,Helpdesk,IT,841379130796,ServiceCall
IT,2021-05-19,IT,Helpdesk,4046963482008,ServiceCall
Sourcing,2020-04-25,Sourcing,Sourcing,10887587074085,Sourcing
ServiceCall,2020-07-21,IT,Helpdesk,15019517119664,Sourcing
Helpdesk,2021-04-11,Services,ServiceCall,10888234500384,Helpdesk
Maintenance,2021-04-29,IT,Sourcing,646311552892,IT
ServiceCall,2022-01-11,Sourcing,Helpdesk,7630040789745,Sourcing
Support,2020-02-15,Helpdesk,Sourcing,848657028844,Sourcing
Sourcing,2020-01-20,IT,Sourcing,30886158101292,Sourcing
Support,2021-07-31,IT,Sourcing,10705034738727,IT
Services,2020-04-23,ServiceCall,Support,10615089187206,IT
Maintenance,2020-01-05,Maintenance,Sourcing,841036072759,ServiceCall
Helpdesk,2020-01-16,Sourcing,ServiceCall,886333610068,Helpdesk
Services,2021-08-18,IT,Sourcing,840118108171,Services
Sourcing,2020-05-14,ServiceCall,Helpdesk,18257200088331,ServiceCall
Sourcing,2022-04-12,IT,Maintenance,380652410175,Maintenance
Maintenance,2021-10-26,ServiceCall,Sourcing,10889942588404,Sourcing
ServiceCall,2021-07-15,Support,Support,M454S116P2001,ServiceCall
Sourcing,2020-05-29,Services,Services,8800040669463,Sourcing
Maintenance,2020-12-04,ServiceCall,Sourcing,8806394615798,Helpdesk
IT,2021-03-28,ServiceCall,Support,5060489400130,ServiceCall
Sourcing,2021-11-07,Helpdesk,IT,ERITNLPUT2S1,Support
ServiceCall,2021-01-15,Support,ServiceCall,4057532116347,Helpdesk
Services,2021-12-30,Sourcing,IT,8435389810667,IT
Sourcing,2021-01-13,IT,Helpdesk,8800057223528,Services
ServiceCall,2021-08-19,Sourcing,Sourcing,813059016812,IT
Support,2020-02-08,Services,ServiceCall,6009544022626,Services
Sourcing,2020-01-22,Support,ServiceCall,10705031203358,Sourcing
IT,2022-04-03,Support,Sourcing,10889950033903,IT
Sourcing,2021-03-16,ServiceCall,Support,10195594220877,Sourcing
Sourcing,2021-12-25,Services,Sourcing,810012483841,ServiceCall
Support,2022-02-21,Maintenance,Sourcing,840420134479,IT
ServiceCall,2021-08-09,Support,Sourcing,10888439593907,Maintenance
IT,2021-08-23,Services,IT,10193489051155,ServiceCall
ServiceCall,2021-10-17,ServiceCall,Support,10889950070007,Sourcing
Support,2020-04-16,Services,Services,840420102539,IT
ServiceCall,2022-01-13,Support,Helpdesk,8809763491023,Support
Helpdesk,2021-07-13,Services,Helpdesk,H965700980030,IT
IT,2022-02-19,ServiceCall,Helpdesk,190660038205,Maintenance
Services,2020-04-21,ServiceCall,Sourcing,883205107749,IT
Maintenance,2020-10-23,ServiceCall,Maintenance,841379154280,Sourcing
Helpdesk,2021-04-04,Sourcing,Maintenance,8800118613114,Sourcing
Support,2020-10-01,Support,ServiceCall,7290108693270,ServiceCall
Helpdesk,2021-02-25,Support,IT,3760225713587,IT
Services,2020-11-14,Services,Maintenance,B183102150250,Services
Services,2022-01-06,Maintenance,IT,8806344331303,Helpdesk
Services,2021-12-26,Sourcing,Services,10885425356317,IT
Support,2022-04-19,Services,Helpdesk,5055273201239,Services
Sourcing,2021-01-31,Support,Sourcing,6934841570535,Services
Maintenance,2020-11-08,ServiceCall,ServiceCall,3701089520836,Helpdesk
Helpdesk,2021-08-21,Sourcing,Sourcing,628101519636,ServiceCall
Maintenance,2020-11-29,Helpdesk,IT,10888439369816,Maintenance
IT,2021-09-10,IT,Helpdesk,193033201480,Helpdesk
ServiceCall,2022-03-21,ServiceCall,Services,10193489364460,Sourcing
IT,2020-01-01,Services,Sourcing,840186601000,Sourcing
Support,2021-07-14,Sourcing,Sourcing,634782068745,IT
Helpdesk,2021-09-27,Helpdesk,Maintenance,856181003237,ServiceCall
Sourcing,2021-02-17,Helpdesk,ServiceCall,20885632243667,Sourcing
Sourcing,2021-01-29,ServiceCall,Maintenance,8800113955127,Support
Support,2021-02-18,IT,Services,10887488419169,Sourcing
ServiceCall,2022-02-04,ServiceCall,Helpdesk,B09926051160,Sourcing
Helpdesk,2020-02-24,Services,Sourcing,10603295452935,Sourcing
Services,2020-07-27,Helpdesk,Sourcing,10887488758428,ServiceCall
Maintenance,2021-11-19,Maintenance,Services,887868061455,Sourcing
Services,2021-06-18,Sourcing,ServiceCall,3596010072832,ServiceCall
Helpdesk,2020-07-28,ServiceCall,Maintenance,4719872220565,Support
Sourcing,2020-04-04,Services,Support,20841305106974,Support
ServiceCall,2021-02-24,ServiceCall,Services,5706069720761,Services
Support,2020-08-11,Services,Support,M896LTN80O0,Helpdesk
Services,2021-11-02,Maintenance,Maintenance,840118108911,Maintenance
Sourcing,2020-08-18,ServiceCall,Sourcing,10889987169064,Maintenance
Services,2020-11-12,ServiceCall,Helpdesk,D661R811TC033FG1,Sourcing
Services,2021-02-25,ServiceCall,Maintenance,817330022097,Support
Services,2021-12-13,Maintenance,Support,8809282816468,Sourcing
ServiceCall,2020-04-04,Maintenance,ServiceCall,4059993466085,Maintenance
Maintenance,2021-06-20,Services,Services,9321502009553,Services
Maintenance,2021-05-21,IT,Sourcing,20451101576,Services
Support,2021-03-09,IT,Sourcing,4055207019290,Sourcing
IT,2021-04-19,Sourcing,Support,B267102015501150,IT
Helpdesk,2021-05-18,Sourcing,ServiceCall,889024159884,IT
IT,2021-01-11,Helpdesk,Helpdesk,846832056965,Support
Services,2020-09-22,Services,ServiceCall,840828133838,Helpdesk
Support,2021-06-22,Support,Services,8806378394824,ServiceCall
Helpdesk,2021-10-04,Helpdesk,IT,699753510586,Services
Sourcing,2020-10-12,Services,Services,8800033104537,IT
Helpdesk,2021-10-29,Helpdesk,Maintenance,4046826079789,Sourcing
Sourcing,2021-04-10,Sourcing,Sourcing,844856073722,Helpdesk
Helpdesk,2020-01-14,Helpdesk,Services,889024167483,ServiceCall
Sourcing,2021-08-01,Helpdesk,Support,843576166820,Sourcing
Maintenance,2020-12-16,Services,Sourcing,10190302007245,Services
IT,2020-06-16,ServiceCall,IT,840159904688,Helpdesk
Sourcing,2020-11-16,Services,Sourcing,889024205604,Sourcing
Services,2022-04-25,IT,IT,4046963635541,ServiceCall
Maintenance,2022-01-22,Helpdesk,Sourcing,8033390119474,Helpdesk
Maintenance,2020-02-12,ServiceCall,IT,10885425651573,Services
IT,2020-06-25,ServiceCall,Sourcing,634782072056,Support
Sourcing,2020-08-27,Sourcing,Sourcing,10304040116927,Helpdesk
Helpdesk,2021-09-27,Helpdesk,ServiceCall,10888439453485,Maintenance
Sourcing,2020-01-18,ServiceCall,IT,888118064189,Services
Maintenance,2020-01-14,Maintenance,Sourcing,18032937162154,Helpdesk
Maintenance,2022-02-19,Sourcing,Support,889095016598,Sourcing
Maintenance,2021-06-15,Support,ServiceCall,4046964312069,Sourcing
Sourcing,2022-03-26,Helpdesk,ServiceCall,888867108776,IT
Sourcing,2022-01-24,Helpdesk,Support,880304672246,Services
Support,2022-04-30,ServiceCall,IT,5056079007193,Sourcing
Maintenance,2021-03-01,IT,Sourcing,190776013332,Maintenance
Services,2020-08-08,Maintenance,Support,768455127405,Support
ServiceCall,2021-04-06,Support,IT,EFOR70610311,Services
Maintenance,2022-01-27,Sourcing,Maintenance,880304307407,Maintenance
Sourcing,2020-09-28,Support,Sourcing,612649202600,Sourcing
Support,2020-06-19,ServiceCall,Helpdesk,4250185560905,Helpdesk
Services,2022-02-02,IT,Services,887517062475,ServiceCall
Support,2021-05-21,Sourcing,Support,8809324767468,Helpdesk
Maintenance,2022-02-12,Sourcing,IT,10705034496047,IT
Maintenance,2020-01-01,Services,Sourcing,812185035278,Sourcing
Helpdesk,2021-05-20,Helpdesk,Maintenance,M735B5093031,IT
IT,2020-02-13,Sourcing,Support,4038653941445,Support
Support,2020-06-25,Services,Services,8806390872379,Services
Maintenance,2021-03-11,Maintenance,IT,190376380230,IT
Services,2021-05-17,IT,Sourcing,6941382244610,Services
Support,2021-07-06,Maintenance,Sourcing,5707131289186,Maintenance
Sourcing,2020-10-31,Helpdesk,Sourcing,849811060960,Maintenance
Sourcing,2020-07-25,Sourcing,ServiceCall,7630030877131,Sourcing
Sourcing,2021-06-30,ServiceCall,Support,5707131355201,Sourcing
Sourcing,2020-08-26,Helpdesk,Helpdesk,10889942017881,Sourcing
IT,2021-02-10,Support,Services,10603295059691,ServiceCall
Sourcing,2022-02-02,Helpdesk,ServiceCall,8800033177289,Sourcing
Maintenance,2020-02-27,Sourcing,Maintenance,10888857326439,Services
Sourcing,2022-03-01,Support,ServiceCall,841732101272,IT
ServiceCall,2022-03-29,Support,Sourcing,885074223728,Helpdesk
Helpdesk,2021-05-05,Sourcing,Support,EDMC46013000020,Sourcing
Support,2021-07-16,Sourcing,Services,10889981125417,Maintenance
Sourcing,2022-03-23,Sourcing,Maintenance,8800044765857,Sourcing
IT,2020-06-22,Helpdesk,Sourcing,5414734053648,ServiceCall
Maintenance,2021-08-20,Sourcing,ServiceCall,5700572033295,Sourcing
ServiceCall,2020-10-31,Maintenance,Services,887517800442,Sourcing
Helpdesk,2021-03-26,ServiceCall,Sourcing,4057155000757,Sourcing
Maintenance,2020-12-13,Maintenance,Maintenance,192896031012,Sourcing
Helpdesk,2021-07-09,IT,ServiceCall,10888439863369,Maintenance
Sourcing,2021-02-05,Sourcing,Support,846468069001,ServiceCall
ServiceCall,2020-05-31,Helpdesk,Maintenance,10193489973860,Sourcing
Support,2020-08-12,Sourcing,Helpdesk,888118059024,ServiceCall
Services,2020-04-22,IT,Sourcing,E535112C0000101,Services
Maintenance,2021-07-20,ServiceCall,ServiceCall,8806344353916,Support
Services,2020-01-09,Sourcing,Sourcing,10381780225041,Support
Helpdesk,2021-08-06,IT,Support,8057013140515,Sourcing
Services,2021-07-14,Support,Helpdesk,860001672725,Sourcing
Sourcing,2021-05-01,Helpdesk,Helpdesk,M75240899UCLAMP1,Support
Sourcing,2020-04-04,Maintenance,IT,10889981147648,Support
Sourcing,2021-07-31,Maintenance,ServiceCall,887517264176,Services
Services,2021-02-23,Support,Maintenance,5713106819241,Sourcing
Sourcing,2022-03-29,Maintenance,Sourcing,4038653176625,Helpdesk
Helpdesk,2021-11-17,Support,IT,813502011500,Sourcing
Helpdesk,2022-03-26,Services,Maintenance,841731116284,Helpdesk
Sourcing,2021-08-09,Helpdesk,Maintenance,4038653960309,IT
Services,2022-02-13,Maintenance,Sourcing,886020008185,Maintenance
ServiceCall,2021-01-18,Services,Sourcing,634782082376,ServiceCall
IT,2020-06-05,Sourcing,Services,D8026523210,Sourcing
Maintenance,2021-01-31,Services,Support,827002125186,Maintenance
Helpdesk,2022-04-04,Helpdesk,Helpdesk,10381780226338,Maintenance
Sourcing,2020-09-19,ServiceCall,Support,889024025004,ServiceCall
Maintenance,2022-03-05,Sourcing,Services,843059114003,ServiceCall
Sourcing,2021-01-24,Services,Helpdesk,7540194010674,Services
Maintenance,2021-12-25,ServiceCall,Services,10193489646931,IT
Maintenance,2022-02-19,Maintenance,Services,4026358064767,Support
Sourcing,2021-12-11,Support,ServiceCall,B528LPSE552008120,Support
Sourcing,2021-09-24,IT,Maintenance,10888439389524,Sourcing
ServiceCall,2020-07-18,IT,Maintenance,10889483081471,Services
Services,2020-10-04,Helpdesk,Helpdesk,190707090401,IT
IT,2021-10-07,Sourcing,ServiceCall,10888439380132,Services
Helpdesk,2020-11-10,Sourcing,Maintenance,D6503304YEL0,Helpdesk
Support,2020-12-01,ServiceCall,ServiceCall,D745701119BXS01140,ServiceCall
IT,2020-03-09,Maintenance,IT,816989020409,Services
Helpdesk,2020-02-07,Support,Sourcing,843210125770,ServiceCall
Helpdesk,2022-01-17,Maintenance,Services,885825019259,Support
ServiceCall,2020-02-23,Sourcing,Services,190707016609,Sourcing
Maintenance,2022-04-26,ServiceCall,Helpdesk,10381780090960,Sourcing
Maintenance,2020-03-08,Helpdesk,ServiceCall,885556042939,Support
Helpdesk,2020-07-07,Sourcing,Helpdesk,8056640032484,Sourcing
Support,2021-02-23,Helpdesk,Support,8800046983808,Support
Support,2020-10-15,Sourcing,Maintenance,5060515140030,Maintenance
Helpdesk,2022-03-27,Maintenance,ServiceCall,10888439638233,Sourcing
Helpdesk,2021-06-17,Sourcing,IT,613994870582,Helpdesk
Maintenance,2020-11-22,Sourcing,Sourcing,889095200829,Sourcing
Services,2020-01-11,IT,Services,7640159551997,Sourcing
Sourcing,2021-01-30,Maintenance,ServiceCall,887868096402,IT
Sourcing,2021-10-03,Sourcing,ServiceCall,889024640306,IT
Services,2021-07-14,Sourcing,IT,3613720251422,Sourcing
Support,2021-03-24,Support,Support,9421905067133,IT
ServiceCall,2020-08-31,Services,Sourcing,10889942120963,Sourcing
IT,2020-07-14,Sourcing,ServiceCall,D818122679,Sourcing
ServiceCall,2021-11-03,IT,ServiceCall,10757770566713,Support
Maintenance,2022-03-31,Maintenance,IT,4057532297893,Helpdesk
Helpdesk,2020-07-09,Services,Helpdesk,7392532214158,Services
Services,2020-07-29,Sourcing,Sourcing,M454AR50AP1551,Maintenance
Maintenance,2020-07-18,IT,Maintenance,15019517022728,Helpdesk
Maintenance,2021-04-27,Sourcing,Sourcing,746980000288,Sourcing
ServiceCall,2021-07-09,IT,ServiceCall,193082006708,Services
Maintenance,2020-07-23,Sourcing,Sourcing,7613327279597,Helpdesk
ServiceCall,2021-02-07,Support,Maintenance,880304281820,IT
ServiceCall,2021-03-01,IT,ServiceCall,10887488929576,Helpdesk
Helpdesk,2021-03-10,Helpdesk,Services,30382903059097,ServiceCall
Helpdesk,2022-04-21,Helpdesk,Support,4035324028900,Support
Services,2021-05-11,Helpdesk,Services,4046826404192,Support
Sourcing,2022-02-25,Support,Maintenance,885556293591,Services
IT,2022-02-04,ServiceCall,Sourcing,10888439785081,IT
Sourcing,2022-01-09,Services,Maintenance,10381780049821,Sourcing
Maintenance,2021-04-18,Support,ServiceCall,10889942862085,Services
Maintenance,2020-07-29,Support,Support,10193489914672,Maintenance
Helpdesk,2020-06-10,IT,ServiceCall,650551059394,Sourcing
Maintenance,2020-03-30,ServiceCall,Maintenance,849044058611,Sourcing
Services,2022-04-07,IT,Services,B060Y10620W15,Maintenance
Sourcing,2021-03-02,Helpdesk,Services,4046445323256,IT
Maintenance,2021-10-22,Helpdesk,Sourcing,10649111396335,Support
Services,2021-06-01,Support,Sourcing,846468073824,Helpdesk
Helpdesk,2022-04-03,Support,Helpdesk,842048103806,Services
Services,2020-01-15,Maintenance,Services,745129222574,Services
IT,2021-08-29,Sourcing,Services,6945664808002,ServiceCall
IT,2020-11-27,Maintenance,Maintenance,7630971201026,Services
Sourcing,2021-01-16,Sourcing,Support,840019934831,IT
Sourcing,2022-02-25,Maintenance,Helpdesk,888118111210,ServiceCall
Maintenance,2021-09-19,Helpdesk,Sourcing,10889942748044,Helpdesk
Services,2021-07-10,Helpdesk,Services,7290110250188,Services
Services,2021-11-04,Maintenance,Support,652221135087,Maintenance
Support,2021-01-09,IT,Support,3701313002404,ServiceCall
Helpdesk,2020-04-11,IT,IT,193082010040,Services
Sourcing,2022-03-05,ServiceCall,Sourcing,643169282049,ServiceCall
Support,2020-07-30,Sourcing,Sourcing,846832041886,Sourcing
IT,2020-10-05,ServiceCall,ServiceCall,10888439380804,Helpdesk
ServiceCall,2022-02-04,Helpdesk,Sourcing,889024247451,Sourcing
Sourcing,2020-07-26,Services,Helpdesk,10840843107545,Sourcing
Sourcing,2020-12-31,Helpdesk,ServiceCall,EGEB221011,ServiceCall
Helpdesk,2021-12-01,Maintenance,ServiceCall,8800057244936,IT
Services,2021-04-23,Services,Helpdesk,10193489201581,ServiceCall
Sourcing,2021-12-15,IT,Maintenance,10649111433610,Services
Support,2020-08-12,IT,Sourcing,10680651442236,Helpdesk
Helpdesk,2021-03-29,Services,Support,749756349215,ServiceCall
Helpdesk,2020-03-27,ServiceCall,Services,190746076718,Support
Sourcing,2020-07-16,Sourcing,Maintenance,888912116725,Support
Maintenance,2020-08-20,Maintenance,ServiceCall,634782087289,Sourcing
ServiceCall,2020-10-12,Sourcing,Sourcing,715317184908,Helpdesk
ServiceCall,2021-08-21,Support,Sourcing,10809160294321,Maintenance
ServiceCall,2020-05-05,Services,Helpdesk,5060206921740,Sourcing
Helpdesk,2021-05-14,IT,Services,4019702283808,Maintenance
Support,2020-01-26,Sourcing,Sourcing,8800046913607,Support
Helpdesk,2020-05-16,Sourcing,Sourcing,D00115416U6230LS0,Support
Sourcing,2022-03-30,Helpdesk,Support,886874115503,Services
Maintenance,2021-04-09,Support,ServiceCall,889024009288,Helpdesk
ServiceCall,2020-02-12,Maintenance,IT,D7091982091,Sourcing
Sourcing,2022-01-05,Sourcing,ServiceCall,10889942965939,Sourcing
Sourcing,2021-03-28,Helpdesk,Services,4546540269904,Sourcing
Services,2021-07-04,Sourcing,Maintenance,ESAM7124001,Sourcing
Sourcing,2022-01-14,IT,Sourcing,190837006143,IT
Services,2020-03-26,Sourcing,Maintenance,699753509030,Services
Sourcing,2022-04-01,IT,Sourcing,380657515905,IT
Sourcing,2021-07-22,Services,Services,857580006348,Sourcing
IT,2020-02-14,ServiceCall,Services,10884450289287,Sourcing
Maintenance,2020-01-17,Sourcing,Services,20080196036957,Sourcing
Support,2021-04-05,IT,Helpdesk,10193489948677,Support
ServiceCall,2020-05-20,Sourcing,Services,4057532433468,ServiceCall
ServiceCall,2022-01-17,Services,Sourcing,10195594239015,ServiceCall
IT,2021-09-28,Helpdesk,Support,M824VPH23691,Support
Maintenance,2020-05-15,Sourcing,IT,10705034219523,Helpdesk
Helpdesk,2021-01-18,Sourcing,Services,10889942658954,Support
ServiceCall,2021-07-09,ServiceCall,IT,5706069886894,Sourcing
ServiceCall,2020-02-19,Helpdesk,ServiceCall,8800015930413,IT
Sourcing,2020-02-16,Sourcing,Maintenance,3613720268161,Sourcing
Services,2020-10-27,Services,IT,840996106658,Services
ServiceCall,2020-09-22,Sourcing,Maintenance,10885403201332,Sourcing
Services,2020-02-21,Support,Sourcing,5060493790081,Support
Sourcing,2021-01-12,Helpdesk,IT,888233052931,Sourcing
IT,2020-02-23,Maintenance,Helpdesk,841983101823,Helpdesk
Maintenance,2021-04-24,Helpdesk,Helpdesk,8800044703347,IT
IT,2020-08-12,Support,Services,8806145481887,Helpdesk
IT,2021-12-23,Sourcing,Services,5050474766792,ServiceCall
ServiceCall,2020-01-10,Sourcing,Sourcing,9120069811933,IT
Sourcing,2022-02-03,Maintenance,Sourcing,8800113300613,Sourcing
Sourcing,2021-07-18,Maintenance,Sourcing,D73510208010020,Helpdesk
Sourcing,2021-01-05,Helpdesk,IT,4057532454814,Support
Helpdesk,2021-05-19,Services,Sourcing,10884389072455,Sourcing
ServiceCall,2020-11-21,ServiceCall,Sourcing,812242030758,Support
Maintenance,2021-07-31,Services,ServiceCall,M695M2T3010524S0,Sourcing
Services,2020-05-19,Helpdesk,Sourcing,4546540239242,Services
Helpdesk,2020-08-31,Maintenance,Sourcing,8800033323297,Services
ServiceCall,2022-02-09,Helpdesk,Services,10195594254568,ServiceCall
IT,2021-08-19,Sourcing,Helpdesk,749756816816,ServiceCall
Sourcing,2022-02-02,Helpdesk,Support,817869020212,Support
Maintenance,2020-07-13,ServiceCall,Maintenance,844856035027,Helpdesk
Support,2021-08-23,ServiceCall,IT,822409038442,Services
IT,2020-07-30,IT,Services,192896031432,Maintenance
Sourcing,2020-12-16,Services,Maintenance,6438408002830,Support
Maintenance,2020-06-20,IT,Sourcing,715317883788,Support
ServiceCall,2020-02-03,Services,Helpdesk,D768G714470,Helpdesk
Sourcing,2020-11-21,Services,Sourcing,10080196230556,Maintenance
Services,2021-01-19,Services,Sourcing,24026704527773,Maintenance
Helpdesk,2021-07-27,IT,Support,6945764412383,Maintenance
Sourcing,2020-04-04,Sourcing,Maintenance,810040145278,Sourcing
ServiceCall,2020-01-08,ServiceCall,Helpdesk,10190752133204,Sourcing
Sourcing,2021-06-01,ServiceCall,Sourcing,10195594010904,Sourcing
ServiceCall,2020-08-09,Helpdesk,Sourcing,10705034004815,ServiceCall
Maintenance,2022-04-07,Support,Support,884450411179,Sourcing
ServiceCall,2021-02-15,Support,Sourcing,16972130470514,Services
ServiceCall,2020-09-06,Maintenance,IT,D800EZ0CX48500,Support
Services,2021-09-17,Support,Sourcing,10705034109138,Maintenance
Services,2020-05-28,IT,ServiceCall,190776019686,Maintenance
Sourcing,2021-11-26,Services,ServiceCall,J011252617200,IT
ServiceCall,2020-04-08,Maintenance,Services,650551080367,Helpdesk
Sourcing,2022-03-24,Maintenance,ServiceCall,885556599938,Services
Services,2020-08-20,Sourcing,Services,613994809063,Services
IT,2020-12-09,IT,Sourcing,10888439392951,Helpdesk
Maintenance,2021-01-16,Helpdesk,Maintenance,643169641471,Support
ServiceCall,2020-10-09,Sourcing,Services,10887488979274,Sourcing
IT,2020-09-04,Helpdesk,Helpdesk,745129240134,ServiceCall
Support,2020-03-24,ServiceCall,ServiceCall,192896068896,IT
Sourcing,2020-02-19,IT,Services,843696124311,Maintenance
Sourcing,2020-09-17,Services,Maintenance,8809596873652,Maintenance
ServiceCall,2020-07-10,Maintenance,Sourcing,887517555106,Maintenance
Support,2020-02-12,Support,Helpdesk,873263002506,IT
ServiceCall,2021-11-28,Maintenance,Maintenance,803622107412,IT
Helpdesk,2021-09-01,Helpdesk,Services,10195594151461,Support
Sourcing,2020-10-12,IT,Services,190660151928,Support
Helpdesk,2020-11-18,IT,Maintenance,8800113949720,Sourcing
IT,2020-10-08,Helpdesk,IT,4046964333613,Maintenance
ServiceCall,2020-02-26,Sourcing,ServiceCall,B09921001400,IT
IT,2021-04-27,Sourcing,Support,4046445520549,ServiceCall
Helpdesk,2020-10-31,Helpdesk,Maintenance,709078007071,Sourcing
Maintenance,2022-02-15,Helpdesk,IT,366975003782,IT
Sourcing,2020-12-03,Sourcing,Maintenance,10193489902662,Sourcing
IT,2022-02-12,ServiceCall,IT,885556703175,Sourcing
IT,2021-01-08,Helpdesk,Sourcing,846159008449,Services
Sourcing,2021-11-27,Maintenance,Sourcing,9421031791575,IT
Support,2020-06-28,Maintenance,ServiceCall,10809160079416,Support
Support,2020-07-22,Helpdesk,ServiceCall,8800033838470,ServiceCall
Sourcing,2021-06-16,Support,Sourcing,8806390824408,Services
IT,2020-01-11,Helpdesk,Services,885074478890,Support
ServiceCall,2021-04-29,Sourcing,ServiceCall,841912106714,IT
ServiceCall,2020-10-07,Sourcing,IT,840937104743,Sourcing
IT,2021-09-18,Maintenance,Helpdesk,4961333242269,Sourcing
Helpdesk,2021-12-08,ServiceCall,Sourcing,5708296179909,Maintenance
Maintenance,2022-04-22,ServiceCall,Services,10195594200152,IT
Support,2020-02-23,Services,Helpdesk,613994847966,Maintenance
Helpdesk,2021-04-24,IT,Sourcing,8806383529037,Maintenance
IT,2020-09-13,Helpdesk,IT,M52882520050W0,IT
ServiceCall,2021-10-15,Maintenance,ServiceCall,15019517172249,Sourcing
ServiceCall,2022-03-31,Helpdesk,Services,763000271534,ServiceCall
IT,2021-07-29,IT,Sourcing,10888439114546,Support
Support,2021-12-03,ServiceCall,Services,889813010006,Support
IT,2021-10-01,Sourcing,Maintenance,636257027165,Sourcing
Helpdesk,2020-11-05,ServiceCall,ServiceCall,190746143717,IT
Sourcing,2020-12-22,Helpdesk,Support,3596010642004,ServiceCall
Sourcing,2020-06-18,Maintenance,IT,96295141504,Helpdesk
Maintenance,2021-10-11,IT,Services,4057532183806,Helpdesk
Sourcing,2020-02-22,Sourcing,Maintenance,M72587004007,Support
Support,2021-01-09,Services,Helpdesk,880304907898,Helpdesk
Support,2021-07-26,Support,Helpdesk,6941382233126,ServiceCall
ServiceCall,2022-04-22,Sourcing,Helpdesk,10841962104552,IT
Maintenance,2021-01-31,Support,Helpdesk,B098AMS7871B0,Maintenance
Maintenance,2022-04-23,Support,Support,8800033829461,ServiceCall
IT,2020-04-13,ServiceCall,Services,889024519534,Services
Support,2020-04-03,Maintenance,ServiceCall,10885632041303,Sourcing
Services,2022-04-30,Services,Sourcing,10886982078063,Services
Support,2022-02-05,Sourcing,Maintenance,889024213388,ServiceCall
Sourcing,2021-12-22,ServiceCall,IT,10859035006214,ServiceCall
IT,2020-12-05,ServiceCall,Sourcing,8800061383751,Maintenance
Sourcing,2020-10-03,Sourcing,Helpdesk,4260277174200,Sourcing
ServiceCall,2021-01-26,Services,Services,10887488481555,IT
Helpdesk,2022-02-06,Sourcing,ServiceCall,811478011920,IT
ServiceCall,2020-08-23,ServiceCall,IT,7540172007641,Support
IT,2021-09-19,Helpdesk,Maintenance,6941382202191,IT
Services,2022-04-27,Sourcing,Support,848530060794,Sourcing
IT,2020-04-01,Services,Helpdesk,8800056263839,Services
Services,2020-06-06,Helpdesk,Services,10351688802491,Sourcing
Support,2021-03-11,ServiceCall,ServiceCall,812926028491,Maintenance
ServiceCall,2021-05-24,Maintenance,Sourcing,845694065207,Maintenance
Sourcing,2021-06-01,Services,ServiceCall,887868060151,Support
Sourcing,2021-07-04,Services,Services,M930785750100,IT
Helpdesk,2020-03-10,Helpdesk,Services,763000146580,IT
Helpdesk,2021-03-10,Support,Helpdesk,8806189867838,ServiceCall
IT,2021-03-08,Maintenance,Helpdesk,19005531591995,Support
IT,2022-04-09,IT,IT,7613327262827,Sourcing
IT,2021-02-22,IT,Maintenance,853538008624,Support
IT,2021-08-08,Helpdesk,Helpdesk,9120046321660,ServiceCall
ServiceCall,2021-12-23,Maintenance,Support,724995187521,Maintenance
Maintenance,2021-11-03,Sourcing,IT,7331791010545,Sourcing
IT,2020-02-22,Services,Support,10888439565782,IT
Services,2020-07-29,Sourcing,Sourcing,7630030830549,Sourcing
Sourcing,2020-07-10,Helpdesk,Support,M697T08500111,IT
Sourcing,2021-06-29,IT,Support,10887488694283,Helpdesk
Services,2020-12-25,Helpdesk,Helpdesk,10887488800011,Sourcing
Support,2020-07-21,Maintenance,ServiceCall,18100013405904,Support
Helpdesk,2022-02-24,IT,Sourcing,10809160311349,Services
ServiceCall,2021-12-28,Services,Maintenance,888867009332,Sourcing
ServiceCall,2021-03-16,Services,Sourcing,4546540608291,Sourcing
Support,2020-04-30,Services,Helpdesk,M695401153211Y,ServiceCall
Support,2020-03-27,ServiceCall,Services,190660174934,Maintenance
Sourcing,2021-01-28,Sourcing,Services,4057532143008,Sourcing
Maintenance,2020-02-13,Sourcing,Sourcing,3663136029276,Services
Helpdesk,2020-05-29,Sourcing,Support,10193489786354,ServiceCall
Services,2020-12-12,Sourcing,Sourcing,B115ABCARDA05041,IT
ServiceCall,2020-10-17,Maintenance,Sourcing,845694012171,ServiceCall
Sourcing,2021-09-13,Sourcing,Sourcing,B6785202840,IT
Services,2020-10-04,Helpdesk,IT,M930741125020,Maintenance
Sourcing,2020-12-24,Services,Sourcing,819034024032,Services
ServiceCall,2021-07-29,ServiceCall,Maintenance,814216024459,Helpdesk
Maintenance,2020-09-02,Maintenance,Maintenance,888233013277,ServiceCall
Helpdesk,2020-10-04,Sourcing,IT,10889942028801,Helpdesk
Maintenance,2020-01-17,Sourcing,Maintenance,B360KF100,ServiceCall
Services,2020-03-08,Helpdesk,Services,10888439073799,Services
Sourcing,2020-09-07,Support,Sourcing,B609OSPL50,IT
Sourcing,2020-03-22,Helpdesk,IT,4046955202973,ServiceCall
Support,2020-03-13,Maintenance,Sourcing,M6581055810,ServiceCall
Sourcing,2020-01-17,Maintenance,Maintenance,M69520405644S1,Helpdesk
Sourcing,2020-01-26,Services,Services,B0992100485A0,Support
Sourcing,2020-10-23,Services,IT,7290110201807,Helpdesk
IT,2020-09-07,Maintenance,Sourcing,8800057222705,IT
Support,2020-05-15,Support,Services,8806388222094,Sourcing
Maintenance,2022-04-19,ServiceCall,Maintenance,10888439556094,IT
ServiceCall,2020-09-09,ServiceCall,Services,192896061583,Support
Maintenance,2021-06-27,Services,Services,840967116846,Maintenance
Maintenance,2020-09-15,Support,Sourcing,889095289862,Maintenance
IT,2020-10-15,Sourcing,Support,10887488530192,IT
Support,2021-10-17,Sourcing,Support,10195594910228,Support
Helpdesk,2022-02-27,Helpdesk,Sourcing,10888857340541,Sourcing
ServiceCall,2021-08-25,IT,Services,8806383503792,Sourcing
Support,2021-08-04,Sourcing,Support,889024230927,Services
Maintenance,2020-08-27,Support,Maintenance,10351688843128,Services
ServiceCall,2020-06-27,Support,Helpdesk,8033390021388,Sourcing
ServiceCall,2021-05-04,ServiceCall,Sourcing,EFORC7330501,Services
Support,2022-01-03,ServiceCall,Support,842768006234,Helpdesk
Services,2020-08-19,ServiceCall,Helpdesk,840192717320,ServiceCall
Services,2020-11-30,Sourcing,Maintenance,3613720254652,Support
Support,2021-12-13,Maintenance,Support,6945664805124,Sourcing
Sourcing,2021-04-17,Sourcing,Sourcing,751774733624,Sourcing
Sourcing,2021-03-11,Helpdesk,IT,811425028490,Services
Sourcing,2021-08-24,Support,Sourcing,190776104283,Helpdesk
Services,2020-11-13,Services,Sourcing,5708296065967,Sourcing
IT,2020-07-14,Helpdesk,IT,10887488806433,Maintenance
Maintenance,2020-01-02,IT,Maintenance,887709016873,Sourcing
Sourcing,2021-07-09,Helpdesk,Services,4046963629946,Sourcing
Maintenance,2021-04-01,IT,Services,10889981185732,Maintenance
ServiceCall,2020-04-19,Helpdesk,Sourcing,10888857394971,IT
Services,2020-03-31,IT,Sourcing,889024314054,Support
Services,2021-10-26,ServiceCall,Helpdesk,7290013484062,Maintenance
Sourcing,2020-08-31,IT,IT,889095037883,ServiceCall
Sourcing,2021-04-23,Helpdesk,Sourcing,10351688826060,Sourcing
Support,2021-04-04,Maintenance,Support,888480211723,Support
Sourcing,2022-03-10,IT,IT,10885425416462,IT
Sourcing,2020-01-24,ServiceCall,Sourcing,M482NPLC432L0,Support
Sourcing,2020-06-15,Maintenance,Services,10705034518701,Maintenance
Support,2020-08-29,Support,ServiceCall,190660022440,Sourcing
Sourcing,2020-09-02,Sourcing,Sourcing,8714729456223,Services
Sourcing,2022-01-24,Services,IT,B07310SCT75601,Support
ServiceCall,2022-02-16,ServiceCall,IT,4046963698812,Services
IT,2020-05-11,Sourcing,Sourcing,D7781008839141,Helpdesk
Services,2022-04-29,Services,Maintenance,3596010485458,Sourcing
Sourcing,2020-06-16,Maintenance,Support,B095321107,Maintenance
Services,2021-08-06,Sourcing,IT,7630345701602,Helpdesk
Helpdesk,2022-01-20,Services,IT,7613327351835,Sourcing
Sourcing,2020-08-02,Sourcing,IT,D6501580BLK0,Maintenance
Services,2020-04-19,IT,Maintenance,887868254321,Helpdesk
ServiceCall,2020-08-13,Support,Sourcing,848657049160,Sourcing
Sourcing,2021-07-03,Support,Services,851721007058,Helpdesk
Helpdesk,2021-07-21,IT,IT,888480569480,Sourcing
Maintenance,2020-11-01,Support,Helpdesk,887517540478,Maintenance
IT,2020-01-25,IT,Maintenance,10888439366402,Sourcing
ServiceCall,2020-12-13,ServiceCall,Support,6934374100223,Support
ServiceCall,2021-10-19,Helpdesk,IT,DIVO7489101,Maintenance
Helpdesk,2021-02-12,ServiceCall,Maintenance,10809160137536,ServiceCall
Services,2022-02-19,Services,Services,4046955076314,ServiceCall
Sourcing,2021-12-28,Support,Maintenance,10193489977196,Helpdesk
Sourcing,2021-08-07,Services,Sourcing,885556620205,ServiceCall
Services,2020-05-23,Sourcing,Services,8800057236436,Support
IT,2020-12-10,Helpdesk,Sourcing,3596010584991,Maintenance
Support,2020-09-23,Maintenance,Support,191072073198,ServiceCall
Services,2022-02-16,Helpdesk,Helpdesk,10195594532260,Sourcing
Support,2022-04-25,Sourcing,Helpdesk,190776072575,Services
Sourcing,2020-04-25,IT,Services,10888439251296,Helpdesk
Helpdesk,2021-06-12,Helpdesk,Support,643169328891,Helpdesk
Support,2020-04-30,Sourcing,ServiceCall,10705032014625,Sourcing
Services,2020-06-24,Sourcing,IT,888912042819,Sourcing
Helpdesk,2022-03-11,Sourcing,Sourcing,880304515826,IT
Support,2021-06-30,IT,Helpdesk,4038653041411,Helpdesk
Services,2020-03-10,Support,Services,698764395632,Maintenance
IT,2022-03-11,Sourcing,ServiceCall,D800BSFE15901,Helpdesk
Sourcing,2022-01-18,Maintenance,Maintenance,811220032562,ServiceCall
Sourcing,2021-12-04,Sourcing,Helpdesk,10652927289081,Services
Services,2020-11-07,Helpdesk,Support,ESIC9503581,Sourcing
Helpdesk,2020-03-30,Services,Sourcing,817573021178,ServiceCall
Maintenance,2020-01-02,Sourcing,Maintenance,841523120482,Support
ServiceCall,2021-03-07,Maintenance,Sourcing,4052536087792,IT
Sourcing,2021-11-20,IT,IT,14026704637758,Sourcing
Support,2020-01-11,Sourcing,Sourcing,10705034789620,Services
Helpdesk,2020-09-20,Services,Services,10809160077009,Services
IT,2020-03-04,Services,Helpdesk,10652927221401,Sourcing
Services,2020-10-14,Sourcing,Sourcing,8800033131090,ServiceCall
Maintenance,2022-03-27,Maintenance,Maintenance,8809547366943,ServiceCall
Services,2020-06-14,Sourcing,Support,817170020017,Helpdesk
IT,2021-03-08,Maintenance,ServiceCall,840828116978,Services
Maintenance,2022-04-10,Sourcing,Sourcing,192896072664,Services
Support,2021-05-02,Services,Services,D745701182BZE00320,Sourcing
IT,2020-03-07,Sourcing,Sourcing,840828182669,Helpdesk
Helpdesk,2020-11-22,Support,Services,366975003720,Sourcing
IT,2021-08-14,IT,ServiceCall,10888439039139,Support
Sourcing,2022-05-01,Maintenance,Services,192896001961,Maintenance
Helpdesk,2020-08-20,Sourcing,Sourcing,190746154737,Helpdesk
Helpdesk,2020-06-23,IT,ServiceCall,887517818478,Sourcing
ServiceCall,2022-02-12,Services,Sourcing,190730013699,Helpdesk
IT,2020-04-25,Sourcing,Maintenance,D764B24030431,ServiceCall
Maintenance,2020-07-03,Support,ServiceCall,715317031752,Sourcing
Sourcing,2021-02-09,IT,IT,841747183072,Helpdesk
Helpdesk,2021-12-05,Helpdesk,Maintenance,10195594274153,Maintenance
Support,2022-01-11,Maintenance,IT,884450281208,Maintenance
Maintenance,2020-09-23,ServiceCall,Services,880304453333,ServiceCall
Sourcing,2020-05-04,Support,IT,822409100934,Sourcing
Helpdesk,2021-01-12,Maintenance,IT,4046964683565,Helpdesk
IT,2020-10-14,Services,Services,827002556140,Helpdesk
Helpdesk,2021-11-09,ServiceCall,Sourcing,18904233118350,Helpdesk
IT,2020-08-19,Support,Sourcing,889981050026,Sourcing
Services,2021-07-20,Services,Support,827002125711,Maintenance
IT,2022-01-21,Services,ServiceCall,15019517136975,Maintenance
Support,2022-01-24,Services,Maintenance,8800056256367,Helpdesk
IT,2020-05-10,Helpdesk,IT,8800017282008,Services
Services,2021-09-05,Sourcing,Maintenance,10888439879018,Maintenance
Sourcing,2021-10-31,ServiceCall,Sourcing,9120034300653,ServiceCall
Maintenance,2020-12-24,Sourcing,Sourcing,24026704512687,Services
Services,2021-05-20,Helpdesk,Helpdesk,643169227798,Services
Services,2020-04-07,IT,Services,888480582724,ServiceCall
Sourcing,2020-07-12,IT,Sourcing,8800057219729,Services
Maintenance,2021-04-02,Sourcing,Sourcing,8806383520225,ServiceCall
Helpdesk,2021-08-25,Services,Sourcing,193082055270,ServiceCall
Maintenance,2021-05-16,IT,Maintenance,607411006326,ServiceCall
Maintenance,2020-02-01,Support,IT,20643169708130,IT
IT,2021-04-29,IT,Support,20613994646082,Sourcing
Services,2020-11-15,Sourcing,IT,888118044891,Services
Services,2020-07-20,Support,Sourcing,10652927294757,Helpdesk
Helpdesk,2021-02-24,ServiceCall,ServiceCall,10806378023255,Helpdesk
ServiceCall,2021-01-04,Sourcing,Support,7630971221253,Services
Maintenance,2020-12-24,Helpdesk,ServiceCall,J017A6D341CO0,IT
IT,2020-12-01,Maintenance,Maintenance,E1995473801,ServiceCall
Services,2022-02-07,Maintenance,ServiceCall,10886982149862,ServiceCall
Services,2021-01-25,Sourcing,Sourcing,9348215037925,Helpdesk
Support,2020-08-20,Helpdesk,IT,EFOR2883N00350501,Maintenance
ServiceCall,2021-11-09,Sourcing,Support,841019120446,Sourcing
ServiceCall,2020-09-21,Sourcing,Sourcing,193033366523,Maintenance
IT,2020-05-12,Sourcing,Services,10195291008761,Support
Helpdesk,2020-06-15,ServiceCall,Sourcing,4546540413093,ServiceCall
Support,2020-02-04,Maintenance,Sourcing,190660006808,Services
ServiceCall,2022-02-18,Services,Services,192896038059,Support
Maintenance,2020-11-09,Services,Helpdesk,4057532428716,Sourcing
Services,2020-02-24,Helpdesk,ServiceCall,841036217075,Maintenance
Support,2022-04-26,Sourcing,ServiceCall,304040100264,Helpdesk
Helpdesk,2020-06-09,Maintenance,Sourcing,8806364640997,Maintenance
Helpdesk,2020-09-13,ServiceCall,Helpdesk,30680651793905,ServiceCall
Sourcing,2021-10-27,Sourcing,Support,5397132009342,Services
Maintenance,2020-08-16,Sourcing,Sourcing,606959010598,Support
Maintenance,2020-07-18,IT,ServiceCall,842078116500,Sourcing
Helpdesk,2020-12-12,Sourcing,Helpdesk,840606145336,Support
Support,2022-04-20,Sourcing,Support,10887488329123,Maintenance
IT,2021-10-08,Support,Sourcing,841439102121,Services
Sourcing,2021-04-30,Support,IT,10887488993461,Support
Services,2020-03-04,Sourcing,Helpdesk,10304040066741,ServiceCall
ServiceCall,2020-05-07,Services,ServiceCall,8059224047966,ServiceCall
Sourcing,2021-11-14,Services,Helpdesk,190707075583,Sourcing
Support,2020-09-14,Maintenance,Maintenance,822383137995,ServiceCall
IT,2021-02-10,IT,Services,810019241260,Services
Services,2021-04-16,Maintenance,Sourcing,814729020252,Sourcing
IT,2020-05-31,Services,Sourcing,8806383502344,ServiceCall
Support,2021-09-20,Maintenance,Sourcing,4038653741854,ServiceCall
IT,2021-10-13,Services,Maintenance,7613153768210,ServiceCall
Support,2022-02-09,Helpdesk,Support,7290113352575,Helpdesk
IT,2021-12-26,Support,Maintenance,10887488502595,Support
Maintenance,2020-08-07,Sourcing,Sourcing,B868CFFG017660,ServiceCall
Services,2021-08-09,Helpdesk,Maintenance,817906027167,Helpdesk
IT,2021-06-20,Support,Maintenance,190376314686,ServiceCall
IT,2020-10-01,Services,Sourcing,10812282020228,Maintenance
IT,2021-10-16,Maintenance,Maintenance,887868199912,Support
Helpdesk,2022-01-29,Services,ServiceCall,4019702332797,IT
Services,2021-10-07,Maintenance,Maintenance,10195594246297,Helpdesk
Services,2020-08-17,Maintenance,Sourcing,10195594000295,Services
ServiceCall,2022-01-06,Services,Maintenance,10841522111051,ServiceCall
IT,2022-02-09,IT,Maintenance,8800056229224,Sourcing
ServiceCall,2022-03-15,ServiceCall,Sourcing,10888439687170,Maintenance
Services,2021-12-21,Sourcing,Services,385640039420,Services
Sourcing,2021-11-04,Helpdesk,ServiceCall,841132161197,Sourcing
ServiceCall,2020-02-03,Maintenance,Support,10885403172984,Sourcing
Helpdesk,2021-06-21,Support,Support,B09921006820,IT
Maintenance,2021-10-19,Sourcing,Services,845384016328,ServiceCall
ServiceCall,2021-08-01,Support,Maintenance,3596010052124,Services
Sourcing,2020-09-03,Helpdesk,Maintenance,15019517243260,IT
Services,2021-08-28,ServiceCall,IT,83208183003,Support
Maintenance,2021-07-09,IT,IT,10888439484090,Sourcing
IT,2021-08-27,Sourcing,Maintenance,889095351873,Helpdesk
Sourcing,2021-01-10,ServiceCall,Maintenance,7290110206703,Sourcing
Sourcing,2021-06-15,Sourcing,ServiceCall,889095005578,ServiceCall
Helpdesk,2021-09-30,Support,IT,816271020100,Maintenance
ServiceCall,2021-09-20,Helpdesk,Sourcing,10652927313533,Sourcing
Services,2021-03-10,Maintenance,Helpdesk,650551135784,Helpdesk
IT,2021-09-06,Maintenance,Maintenance,8800056209776,Sourcing
ServiceCall,2020-11-12,ServiceCall,ServiceCall,4250317546739,Support
IT,2020-05-26,Sourcing,Services,4251269206290,Services
Services,2021-05-13,Helpdesk,Sourcing,887517581693,ServiceCall
Sourcing,2020-08-15,Helpdesk,Helpdesk,8809599750073,Helpdesk
IT,2020-04-02,Sourcing,Services,190746077548,Helpdesk
Sourcing,2020-04-11,IT,Sourcing,382906639868,Maintenance
ServiceCall,2020-08-26,Sourcing,ServiceCall,840916106317,Services
ServiceCall,2021-03-05,Helpdesk,Maintenance,4546540145482,Sourcing
ServiceCall,2022-03-01,Helpdesk,ServiceCall,10888439629354,Maintenance
Sourcing,2021-06-17,Maintenance,Sourcing,10889942633319,Services
IT,2020-05-29,IT,Support,840606140775,Sourcing
Services,2021-01-08,Helpdesk,IT,841132131985,ServiceCall
Support,2021-11-21,Helpdesk,Sourcing,8717648199233,Maintenance
ServiceCall,2021-12-26,Maintenance,ServiceCall,847661004790,Maintenance
IT,2021-07-25,ServiceCall,Sourcing,E0HM72C0004SS1,Sourcing
IT,2020-03-02,Maintenance,Sourcing,10889981016180,Services
Sourcing,2022-03-28,Sourcing,Support,20705032019979,Maintenance
Sourcing,2020-10-22,Support,Helpdesk,10888439389999,ServiceCall
Sourcing,2022-01-11,Support,IT,10304040112516,IT
IT,2021-12-22,Support,Sourcing,6934955901140,Services
ServiceCall,2020-02-18,Sourcing,Maintenance,8800033164432,Support
ServiceCall,2020-04-18,Sourcing,ServiceCall,888867247116,ServiceCall
Sourcing,2020-06-01,Helpdesk,Sourcing,812998038770,Maintenance
Helpdesk,2021-08-05,Support,Sourcing,8806189855743,IT
IT,2021-02-12,Helpdesk,Sourcing,192896006690,Maintenance
Sourcing,2021-04-03,Sourcing,Sourcing,8806395481323,Sourcing
Sourcing,2020-08-05,Sourcing,Maintenance,885556042076,Sourcing
IT,2021-06-23,Support,Services,10887488570082,Sourcing
IT,2022-04-30,Sourcing,ServiceCall,889024497443,Sourcing
Services,2021-07-22,Maintenance,Sourcing,854362008873,Sourcing
Services,2020-09-26,Sourcing,Sourcing,887517513229,Helpdesk
Sourcing,2021-05-05,Sourcing,Maintenance,EFORM77535030051,Sourcing
Sourcing,2021-01-13,Services,IT,7630345718426,Services
IT,2021-11-27,Helpdesk,IT,8806383536394,ServiceCall
Helpdesk,2021-10-12,Sourcing,Maintenance,14560189210698,Helpdesk
Helpdesk,2021-08-06,Helpdesk,Support,D7091981079,ServiceCall
Sourcing,2020-01-05,IT,Sourcing,10885632050909,Services
Services,2020-10-23,Maintenance,Sourcing,10884389262092,Maintenance
IT,2021-07-09,Sourcing,Support,10887488546247,Helpdesk
Maintenance,2020-11-18,Support,Services,82161713111,Sourcing
Maintenance,2020-01-14,IT,Maintenance,24026704530223,IT
Maintenance,2022-02-12,IT,Maintenance,7500142053238,IT
ServiceCall,2021-03-25,Helpdesk,Services,10813153023829,Sourcing
Helpdesk,2020-04-12,Maintenance,ServiceCall,4063006006151,Services
Maintenance,2021-09-22,Services,Sourcing,M684PPW002111,Helpdesk
Helpdesk,2020-09-17,Services,Maintenance,889797005029,Maintenance
ServiceCall,2020-12-06,Maintenance,IT,D745701153PRA00330,Sourcing
Sourcing,2020-11-06,Helpdesk,Sourcing,10193489320978,Helpdesk
Support,2021-06-01,Services,Sourcing,10841898114465,Sourcing
Maintenance,2021-06-19,ServiceCall,Helpdesk,821925003323,Sourcing
IT,2022-04-05,Sourcing,Services,10889910058373,Support
Maintenance,2022-03-19,Services,Maintenance,880304506831,Sourcing
Maintenance,2021-05-02,ServiceCall,IT,889024331556,Sourcing
Services,2020-04-06,IT,Sourcing,10806378064098,Helpdesk
Maintenance,2021-01-23,Helpdesk,Sourcing,10193489856941,Support
Sourcing,2020-07-27,Support,IT,8800089417506,Services
ServiceCall,2021-09-22,Support,Helpdesk,15019517239294,Support
Services,2020-12-29,Sourcing,Sourcing,652221009234,Sourcing
Services,2020-03-24,Services,IT,816995020424,Sourcing
Services,2021-03-04,Support,Sourcing,190837017323,Helpdesk
IT,2021-06-24,Sourcing,ServiceCall,841523151592,Helpdesk
IT,2022-01-16,Maintenance,Support,10889942451449,IT
Services,2022-02-06,ServiceCall,Services,10888439397819,Helpdesk
IT,2022-01-18,ServiceCall,Sourcing,676190619812,ServiceCall
Support,2022-04-11,Services,ServiceCall,6941382243354,IT
Support,2020-10-15,Helpdesk,IT,B587A262830150,Services
ServiceCall,2021-09-08,Sourcing,Services,21292009045,IT
Support,2021-04-18,ServiceCall,Helpdesk,10888439573138,IT
Helpdesk,2021-07-01,Sourcing,Services,841365103568,Services
Sourcing,2020-02-13,Services,Sourcing,6950715500149,Support
Helpdesk,2020-08-10,Maintenance,ServiceCall,840967161747,IT
Helpdesk,2022-02-22,ServiceCall,Helpdesk,840996106757,Maintenance
Support,2020-03-13,ServiceCall,Sourcing,880304002944,Helpdesk
Sourcing,2020-09-15,Sourcing,Services,810041639066,Sourcing
Support,2020-04-23,ServiceCall,Support,10888439065428,Sourcing
Support,2021-04-18,Maintenance,Maintenance,B49050010452B0,ServiceCall
Support,2020-01-12,Helpdesk,Sourcing,4046445220678,ServiceCall
IT,2021-01-07,Maintenance,IT,4057532422110,Services
ServiceCall,2021-01-09,ServiceCall,Maintenance,840118109567,IT
Services,2020-01-09,Services,Sourcing,384840518902,Helpdesk
ServiceCall,2021-05-23,Services,Maintenance,10888277810990,ServiceCall
IT,2020-01-16,Sourcing,Maintenance,50649111063365,IT
IT,2022-02-06,Sourcing,Services,10888439183818,Sourcing
Support,2020-09-19,Services,Support,10888439237511,Helpdesk
Helpdesk,2021-05-09,ServiceCall,ServiceCall,5050474553040,Sourcing
Helpdesk,2020-03-05,Maintenance,Maintenance,7898325993120,ServiceCall
ServiceCall,2021-10-19,Sourcing,IT,D00116916UT06233M0,Maintenance
Helpdesk,2020-12-12,Sourcing,Support,7613327012606,Helpdesk
Support,2020-11-28,Maintenance,Helpdesk,8806344374522,Sourcing
Services,2022-01-14,Sourcing,Sourcing,10351688731951,Sourcing
Services,2021-06-30,IT,IT,15019517279740,Sourcing
ServiceCall,2020-05-05,Maintenance,IT,B587TL16203080,Support
Support,2021-03-01,Helpdesk,IT,652221135445,Helpdesk
ServiceCall,2020-09-05,Sourcing,IT,10888277954069,IT
Support,2021-11-11,Sourcing,Support,5707131370907,Maintenance
IT,2022-01-21,Sourcing,Sourcing,10888439236637,Sourcing
Maintenance,2022-01-10,Services,Support,889095114393,Sourcing
Support,2021-05-26,ServiceCall,Support,659443000834,IT
Sourcing,2021-01-04,Support,Maintenance,10889942750122,Support
ServiceCall,2020-10-25,Sourcing,Sourcing,E312TC2822040101,IT
Services,2020-08-25,Support,ServiceCall,10652927668176,Support
Helpdesk,2022-03-07,IT,Sourcing,10888439142259,IT
Support,2020-12-31,Services,Helpdesk,8800033891918,Services
Support,2020-05-16,Support,IT,4546540605856,Sourcing
Sourcing,2022-01-13,Sourcing,Services,380652268905,ServiceCall
Sourcing,2020-06-07,Services,ServiceCall,887517172662,Support
Sourcing,2020-04-24,Helpdesk,ServiceCall,8800033356349,Helpdesk
Sourcing,2022-01-07,ServiceCall,ServiceCall,10806378013591,Support
Services,2020-05-07,IT,Maintenance,843210131153,Sourcing
ServiceCall,2021-09-23,IT,Helpdesk,4054896072319,Sourcing
Helpdesk,2020-08-17,Sourcing,Maintenance,840118604000,Sourcing
Sourcing,2020-09-22,Support,ServiceCall,M684ESS000011,Sourcing
Maintenance,2020-03-16,Sourcing,Services,10888439768435,ServiceCall
ServiceCall,2020-06-30,Sourcing,Sourcing,192029039380,Sourcing
Sourcing,2020-07-13,Services,ServiceCall,D821002BH353R0,IT
Sourcing,2021-01-05,Helpdesk,Maintenance,10888439331356,IT
Sourcing,2020-01-17,Services,IT,7613327244618,Sourcing
ServiceCall,2020-10-17,Maintenance,Helpdesk,B112S03683SD200,IT
Maintenance,2020-08-15,Support,Maintenance,10886982176271,Sourcing
Sourcing,2021-07-10,IT,Support,7613327466089,Sourcing
ServiceCall,2021-06-10,Services,Services,7613252311423,IT
ServiceCall,2021-09-17,IT,Sourcing,E23582530,Helpdesk
IT,2020-06-20,Support,Sourcing,10888118127355,ServiceCall
ServiceCall,2020-03-26,Sourcing,ServiceCall,6438311222905,Sourcing
Maintenance,2021-04-12,IT,Support,10886982306951,IT
Helpdesk,2022-02-22,Helpdesk,IT,5055788735212,Sourcing
ServiceCall,2021-03-14,ServiceCall,Sourcing,10888439147889,Helpdesk
Services,2020-04-29,Helpdesk,Helpdesk,10887488622682,IT
Sourcing,2021-04-06,IT,Sourcing,15019517198225,IT
Sourcing,2021-12-10,Helpdesk,ServiceCall,745129221645,Maintenance
IT,2021-08-09,Support,Services,887517018960,Support
Services,2020-09-12,Services,Sourcing,10612553023190,IT
Helpdesk,2020-02-17,Services,Sourcing,841973108542,Maintenance
Maintenance,2020-04-19,Support,Helpdesk,613994945242,Services
Services,2020-08-05,ServiceCall,Services,5704819205353,Services
IT,2020-03-12,Support,Helpdesk,841731122582,Services
IT,2022-02-23,Sourcing,Support,D00116916UT12230M0,Sourcing
ServiceCall,2020-02-19,Helpdesk,Maintenance,41163417618,IT
Sourcing,2021-03-05,Sourcing,Support,8806388229482,Maintenance
ServiceCall,2021-04-25,Maintenance,Services,817131020315,Maintenance
Sourcing,2021-03-04,Support,Services,DIVO5228781,IT
Sourcing,2021-06-15,Support,Sourcing,7332339223083,Maintenance
Sourcing,2021-10-29,Helpdesk,Maintenance,5055715606660,Maintenance
IT,2021-10-14,Maintenance,Helpdesk,4054896037967,Sourcing
IT,2020-03-28,Services,Support,10381780134275,Sourcing
ServiceCall,2021-09-29,Services,Helpdesk,8806394600022,Sourcing
Sourcing,2021-12-08,Sourcing,IT,4057532443023,Helpdesk
ServiceCall,2020-08-31,Services,Maintenance,8800056207642,Helpdesk
Sourcing,2020-11-20,Maintenance,IT,20787551000409,IT
Support,2022-04-26,Maintenance,Sourcing,8800056267349,Sourcing
Sourcing,2021-05-22,Support,Maintenance,4046964331800,Helpdesk
Sourcing,2021-09-22,Maintenance,Helpdesk,4711605575072,ServiceCall
Sourcing,2022-04-07,Sourcing,Helpdesk,817340021868,Helpdesk
Sourcing,2021-08-02,Services,Maintenance,745129264475,ServiceCall
ServiceCall,2020-12-31,IT,Helpdesk,10888439560626,ServiceCall
Services,2020-03-24,Sourcing,Maintenance,J014669832880,Sourcing
Sourcing,2021-01-13,Sourcing,ServiceCall,841668100066,ServiceCall
Maintenance,2021-03-29,ServiceCall,Helpdesk,811382034497,IT
Services,2021-06-26,Sourcing,Helpdesk,50801902126141,Maintenance
IT,2020-02-28,IT,Helpdesk,ERKO5842322,Helpdesk
Sourcing,2021-01-31,IT,IT,4042809488500,Sourcing
Maintenance,2020-02-07,Support,Sourcing,643169133594,Maintenance
Services,2021-01-01,ServiceCall,Maintenance,190776081416,Sourcing
Helpdesk,2021-03-21,Helpdesk,Support,889095281125,Maintenance
Support,2022-01-25,ServiceCall,Sourcing,4046963670412,IT
Helpdesk,2020-12-22,Sourcing,Sourcing,815277022996,Services
Sourcing,2021-12-23,Sourcing,Sourcing,D9434956,Support
Services,2020-08-19,Sourcing,Sourcing,846468099688,ServiceCall
Helpdesk,2021-06-29,Sourcing,Support,846468087753,Sourcing
Services,2022-03-15,Sourcing,Services,843059101874,Maintenance
Sourcing,2021-11-22,ServiceCall,Sourcing,7392532232237,Sourcing
Helpdesk,2021-02-08,Sourcing,ServiceCall,809958095522,Sourcing
Sourcing,2021-08-16,Maintenance,Sourcing,889024118805,Helpdesk
ServiceCall,2021-02-01,Helpdesk,Maintenance,690521003378,Helpdesk
Sourcing,2021-02-28,Support,Services,817650021930,Helpdesk
Sourcing,2021-03-09,Sourcing,Services,10888439930351,Sourcing
Helpdesk,2022-01-04,IT,IT,848486015428,Helpdesk
Sourcing,2021-10-26,Helpdesk,ServiceCall,10889981035730,Helpdesk
Maintenance,2021-02-07,Support,Sourcing,E312F8813140121,Services
ServiceCall,2020-12-31,Services,Sourcing,7630030825576,Sourcing
Support,2020-06-08,Helpdesk,Services,7613327024753,Support
Sourcing,2021-05-07,ServiceCall,ServiceCall,5060165011841,Sourcing
ServiceCall,2020-01-13,Maintenance,Helpdesk,10887587037288,Maintenance
Helpdesk,2021-02-05,Sourcing,Support,840113209224,IT
Maintenance,2020-04-29,IT,Sourcing,8800113943261,IT
Helpdesk,2021-09-20,IT,Services,10888857303614,Support
Support,2021-06-06,Support,Maintenance,8714729478997,ServiceCall
Maintenance,2020-07-29,Maintenance,Helpdesk,650551104469,Services
Helpdesk,2021-01-22,Support,IT,10888439658026,Support
Maintenance,2021-10-25,Maintenance,Helpdesk,190361038955,IT
Maintenance,2022-04-02,Maintenance,IT,10381780499107,ServiceCall
IT,2022-02-08,Maintenance,ServiceCall,M572TPS020061S011,Sourcing
Maintenance,2021-06-15,Sourcing,Sourcing,4046964227219,Services
IT,2020-10-10,Helpdesk,Maintenance,4562122955980,Sourcing
Maintenance,2021-08-31,Maintenance,Support,385640007580,IT
Services,2022-02-17,Helpdesk,IT,3700512901617,ServiceCall
Support,2020-11-20,Sourcing,Services,849593016544,Sourcing
Support,2020-04-13,Helpdesk,Sourcing,3701037312872,Helpdesk
Sourcing,2022-04-05,Maintenance,Services,10195594533427,Support
IT,2022-03-09,IT,Sourcing,840996108751,Sourcing
ServiceCall,2021-05-10,IT,IT,8806344312722,Sourcing
Services,2020-01-22,Helpdesk,Sourcing,10888857026445,Maintenance
Helpdesk,2020-05-15,ServiceCall,Support,8591285629069,Maintenance
Maintenance,2021-02-07,Sourcing,Services,817580020287,Sourcing
Services,2020-04-02,Support,Maintenance,10888439600568,ServiceCall
Sourcing,2022-03-15,Maintenance,ServiceCall,888867031999,Maintenance
Sourcing,2021-06-25,ServiceCall,ServiceCall,849044054804,ServiceCall
IT,2020-02-11,Maintenance,ServiceCall,8800033328322,ServiceCall
Sourcing,2021-07-07,Sourcing,Helpdesk,M944NL172021EO0,Support
Sourcing,2020-04-26,Sourcing,Support,10889942168682,Maintenance
Helpdesk,2021-09-29,Maintenance,Sourcing,10705034731650,ServiceCall
Support,2021-05-11,Services,Services,8800024913346,Maintenance
Sourcing,2020-01-28,Support,Sourcing,10195594433031,Sourcing
Services,2021-12-06,Sourcing,Maintenance,190776015169,Sourcing
ServiceCall,2022-02-12,Sourcing,Helpdesk,4061644019779,Helpdesk
Helpdesk,2020-04-25,Sourcing,IT,7630040712736,Support
Maintenance,2021-01-15,Support,ServiceCall,M930763121300,Helpdesk
Sourcing,2021-07-22,Sourcing,Sourcing,5050474531567,Maintenance
ServiceCall,2021-03-23,Sourcing,Support,715317354950,IT
Maintenance,2021-09-08,Support,Sourcing,841536136425,Support
Sourcing,2022-03-19,IT,Services,10888439729436,ServiceCall
IT,2020-05-20,IT,Maintenance,10887488268750,Support
Maintenance,2020-04-29,Support,Maintenance,M684PNV068361,Services
Support,2020-09-29,Helpdesk,Maintenance,5206569894103,Maintenance
ServiceCall,2020-05-29,IT,Helpdesk,8800041365296,Support
Maintenance,2021-01-04,Maintenance,Sourcing,819917021950,Sourcing
Services,2022-03-26,IT,Services,887868447198,Maintenance
ServiceCall,2021-12-16,Support,Services,885556740620,IT
Sourcing,2021-12-06,Helpdesk,Sourcing,8800033867081,Services
Helpdesk,2020-03-08,Maintenance,Sourcing,827002160217,Sourcing
ServiceCall,2020-07-06,Sourcing,IT,10195594958114,Helpdesk
ServiceCall,2021-03-24,Services,Services,885556102619,Sourcing
Helpdesk,2020-08-07,ServiceCall,Services,7613327228007,Maintenance
ServiceCall,2021-12-28,Maintenance,IT,B41711402471,Sourcing
Support,2020-07-16,Sourcing,Helpdesk,887868435799,Sourcing
ServiceCall,2020-08-24,Sourcing,Sourcing,8800033810261,IT
IT,2020-10-23,Services,Sourcing,810042122994,IT
Sourcing,2020-04-10,Helpdesk,IT,4250105619225,Maintenance
Sourcing,2021-08-14,Maintenance,Maintenance,190376239651,Maintenance
IT,2020-04-05,ServiceCall,IT,10885403104800,Support
Maintenance,2021-12-26,Support,Sourcing,652221139122,Support
Maintenance,2020-11-20,Support,Maintenance,190660151751,Services
Support,2020-09-16,Helpdesk,Maintenance,191072067906,Helpdesk
Helpdesk,2021-10-09,IT,Maintenance,849044001914,Support
ServiceCall,2021-08-14,ServiceCall,Support,10887488369808,IT
Services,2021-05-20,Sourcing,Services,20801902067085,Sourcing
Maintenance,2020-09-08,Maintenance,Services,10887488601373,ServiceCall
ServiceCall,2020-03-19,Support,Sourcing,614950007028,ServiceCall
Maintenance,2020-11-01,Helpdesk,Helpdesk,D00110100UC03120JP0,Sourcing
Support,2020-08-22,ServiceCall,Services,3700712416430,Sourcing
Sourcing,2022-03-23,ServiceCall,IT,10195594095499,IT
Sourcing,2021-02-19,Helpdesk,IT,840606133920,Support
Maintenance,2020-10-04,IT,Sourcing,8806373870224,Helpdesk
Maintenance,2021-06-16,Maintenance,Services,M824SCMF65525C1,Maintenance
Services,2021-11-30,Services,IT,810045514796,Support
Support,2020-08-13,IT,Sourcing,841396198922,Sourcing
Maintenance,2021-03-03,ServiceCall,Support,811714031668,Sourcing
Sourcing,2021-09-04,Sourcing,Services,810074752572,Sourcing
Helpdesk,2020-05-31,ServiceCall,IT,856200001107,Support
IT,2022-02-04,Sourcing,Services,8800041000074,IT
IT,2021-06-29,Sourcing,Maintenance,10195594211998,Sourcing
IT,2021-01-18,ServiceCall,Sourcing,10607151011342,Services
IT,2020-06-10,Sourcing,Sourcing,10603295250982,Support
Maintenance,2021-12-27,Maintenance,Sourcing,191072020567,Helpdesk
Support,2020-09-27,Helpdesk,Helpdesk,888480484240,Helpdesk
Maintenance,2021-06-07,Support,Services,4038653401475,ServiceCall
Services,2020-10-22,IT,ServiceCall,7613153132783,Support
Maintenance,2020-12-30,Support,Helpdesk,6947600302476,Sourcing
Sourcing,2022-02-19,Maintenance,Helpdesk,6091403501526,Maintenance
Services,2021-09-07,Maintenance,ServiceCall,673693364119,ServiceCall
Sourcing,2021-10-18,Services,Sourcing,10195594481971,Sourcing
Services,2021-03-25,Helpdesk,IT,889024408517,Helpdesk
Sourcing,2021-01-26,IT,Maintenance,10351688817747,ServiceCall
