brandName,dunsNumber,companyName,rx,otc
QUANTUM™* SPINAL FIXATION SYSTEM,793384496,"Pioneer Surgical Technology, Inc.",true,
BULLET-TIP PEEK IBF SYSTEM,793384496,"Pioneer Surgical Technology, Inc.",true,
Streamline® TL Spinal Fixation System,793384496,"Pioneer Surgical Technology, Inc.",true,
Cequence Anterior Cervical Plate,793384496,"Pioneer Surgical Technology, Inc.",true,
CEQUENCE,793384496,"Pioneer Surgical Technology, Inc.",true,
Cequence,793384496,"Pioneer Surgical Technology, Inc.",true,
STREAMLINE®* TL SPINAL FIXATION SYSTEM,793384496,"Pioneer Surgical Technology, Inc.",true,
Streamline TL Spinal Fixation System,793384496,"Pioneer Surgical Technology, Inc.",true,
Songer® Spinal Cable System,793384496,"Pioneer Surgical Technology, Inc.",true,
Streamline® MIS Spinal Fixation System,793384496,"Pioneer Surgical Technology, Inc.",true,
Streamline MIS Spinal Fixation System,793384496,"Pioneer Surgical Technology, Inc.",true,
Streamline™* MIS Spinal Fixation System,793384496,"Pioneer Surgical Technology, Inc.",true,
Lat-Fuse™ Lateral Plate System,793384496,"Pioneer Surgical Technology, Inc.",true,
LAT-FUSE™* LATERAL PLATE SYSTEM,793384496,"Pioneer Surgical Technology, Inc.",true,
CLARITY® LATERAL RETRACTOR SYSTEM,793384496,"Pioneer Surgical Technology, Inc.",true,
Cross-Fuse® II PEEK VBR/IBF System,793384496,"Pioneer Surgical Technology, Inc.",true,
T-Plus PEEK IBF System,793384496,"Pioneer Surgical Technology, Inc.",true,
CROSS-FUSE™* II PEEK VBR/IBF SYSTEM,793384496,"Pioneer Surgical Technology, Inc.",true,
C-Plus PEEK IBF System,793384496,"Pioneer Surgical Technology, Inc.",true,
STREAMLINE TL SPINAL FIXATION SYSTEM,793384496,"Pioneer Surgical Technology, Inc.",true,
STREAMLINE™* TL SPINAL FIXATION SYSTEM,793384496,"Pioneer Surgical Technology, Inc.",true,
Instrument,793384496,"Pioneer Surgical Technology, Inc.",true,
PAC Plate Anterior Cervical Plate System,793384496,"Pioneer Surgical Technology, Inc.",true,
CervAlign Anterior Cervical Plate System,793384496,"Pioneer Surgical Technology, Inc.",true,
CLARITY RETRACTOR SYSTEM,793384496,"Pioneer Surgical Technology, Inc.",true,
RELEASE LAMINOPLASTY FIXATION SYSTEM,793384496,"Pioneer Surgical Technology, Inc.",true,
PACK Precision Allograft Cartilage Kit,793384496,"Pioneer Surgical Technology, Inc.",true,
CONTACT ALP Anterior Lumbar Plate System,793384496,"Pioneer Surgical Technology, Inc.",true,
SLIMFUSE ANTERIOR CERVICAL PLATE SYSTEM,793384496,"Pioneer Surgical Technology, Inc.",true,
Quantum BacFuse Spinous Process Fusion Plate,793384496,"Pioneer Surgical Technology, Inc.",true,
Quantum Spinal Fixation System,793384496,"Pioneer Surgical Technology, Inc.",true,
C-Plus PEEK IBF/VBR System,793384496,"Pioneer Surgical Technology, Inc.",true,
C-Plus PEEK VBR/IBF System,793384496,"Pioneer Surgical Technology, Inc.",true,
Elemax PLIF Instruments,793384496,"Pioneer Surgical Technology, Inc.",true,
MIS FUSION Instruments,793384496,"Pioneer Surgical Technology, Inc.",true,
Fortilink-L IBF System,793384496,"Pioneer Surgical Technology, Inc.",true,
Fusion Lateral Instrument Set,793384496,"Pioneer Surgical Technology, Inc.",true,
Streamline OCT Occipito-Cervico-Thoracic System,793384496,"Pioneer Surgical Technology, Inc.",true,
FORTILINK-L IBF SYSTEM,793384496,"Pioneer Surgical Technology, Inc.",true,
Fortilink-TS IBF System,793384496,"Pioneer Surgical Technology, Inc.",true,
N/A,115380859,"ETYMOTIC RESEARCH, INC.",true,
Etymotic Research,115380859,"ETYMOTIC RESEARCH, INC.",,
Etymotic Research,115380859,"ETYMOTIC RESEARCH, INC.",true,
Etymotic,115380859,"ETYMOTIC RESEARCH, INC.",true,
Etymotic,115380859,"ETYMOTIC RESEARCH, INC.",,
Lucid Hearing ®,115380859,"ETYMOTIC RESEARCH, INC.",true,
N/A,115380859,"ETYMOTIC RESEARCH, INC.",,true
N/A,115380859,"ETYMOTIC RESEARCH, INC.",,
ER-2,115380859,"ETYMOTIC RESEARCH, INC.",,true
ER-1,115380859,"ETYMOTIC RESEARCH, INC.",,true
Etymotic Research,115380859,"ETYMOTIC RESEARCH, INC.",,true
Single Use Eartip,115380859,"ETYMOTIC RESEARCH, INC.",,true
Single Use Eartips,115380859,"ETYMOTIC RESEARCH, INC.",,true
Single Use Eartip,115380859,"ETYMOTIC RESEARCH, INC.",true,
"Etymotic Research, Inc.",115380859,"ETYMOTIC RESEARCH, INC.",,true
Etymotic ,115380859,"ETYMOTIC RESEARCH, INC.",,true
Disc-FX® Guidewire,19872358,"ELLIQUENCE, LLC",,
Neutral Plate,19872358,"ELLIQUENCE, LLC",,
Trigger-Flex®,19872358,"ELLIQUENCE, LLC",,
Meddusa™ Bipolar System,19872358,"ELLIQUENCE, LLC",,
Surgi-Max® Plus,19872358,"ELLIQUENCE, LLC",,
Depth-Gauge FlexTrode®,19872358,"ELLIQUENCE, LLC",,
Spine Needle (16 Gauge),19872358,"ELLIQUENCE, LLC",,
Clear-Vu® Bayonet Electrode,19872358,"ELLIQUENCE, LLC",,
Empire® microIncision™,19872358,"ELLIQUENCE, LLC",,
Surg-e Pak,19872358,"ELLIQUENCE, LLC",,
Bipolar Forceps,19872358,"ELLIQUENCE, LLC",,
Surgi-Max®,19872358,"ELLIQUENCE, LLC",,
Surgi-Max® Ultra,19872358,"ELLIQUENCE, LLC",,
Endiscope,19872358,"ELLIQUENCE, LLC",,
3-Button Fingerswitch Handpiece,19872358,"ELLIQUENCE, LLC",,
Trigger-Flex® Quad Bipolar System,19872358,"ELLIQUENCE, LLC",,
Trigger-Flex® Mini Bipolar System,19872358,"ELLIQUENCE, LLC",,
Trigger-Flex® Dart Bipolar System,19872358,"ELLIQUENCE, LLC",,
Disc-FX® Mini System,19872358,"ELLIQUENCE, LLC",,
FlexTrode® Malleable Electrode,19872358,"ELLIQUENCE, LLC",,
Surg-e Tip Electrode,19872358,"ELLIQUENCE, LLC",,
Spine Needle (18 Gauge),19872358,"ELLIQUENCE, LLC",,
Disc-FX® System,19872358,"ELLIQUENCE, LLC",,
Bi-Tip™ Flextrode™,19872358,"ELLIQUENCE, LLC",,
Micro Bipolar,19872358,"ELLIQUENCE, LLC",,
Cobbra™ RF Tissue Dissector,19872358,"ELLIQUENCE, LLC",,
microFibre® Electrode,19872358,"ELLIQUENCE, LLC",,
SCANLAN® Clamp,23055619,SCANLAN INTERNATIONAL INC,true,
SCANLAN® John Ross Tunneler System,23055619,SCANLAN INTERNATIONAL INC,true,
SCANLAN® John Ross Tunneler,23055619,SCANLAN INTERNATIONAL INC,true,
SCANLAN®  Dissector,23055619,SCANLAN INTERNATIONAL INC,true,
SCANLAN® Minimally Invasive Instrumentation,23055619,SCANLAN INTERNATIONAL INC,true,
SCANLAN® Instrumentation,23055619,SCANLAN INTERNATIONAL INC,true,
SCANLAN® Scanturian™ MIS Instrument,23055619,SCANLAN INTERNATIONAL INC,true,
SCANLAN® Minimally-Invasive Instrumentation,23055619,SCANLAN INTERNATIONAL INC,true,
SCANLAN® PREMIER Micro Scissors,23055619,SCANLAN INTERNATIONAL INC,true,
SCANLAN® Titanium Clamp,23055619,SCANLAN INTERNATIONAL INC,true,
SCANLAN® Special Orders,23055619,SCANLAN INTERNATIONAL INC,true,
SCANLAN® Retractors,23055619,SCANLAN INTERNATIONAL INC,true,
SCANLAN® Dissectors,23055619,SCANLAN INTERNATIONAL INC,true,
SCANLAN® MicroSurgical Instruments,23055619,SCANLAN INTERNATIONAL INC,true,
SCANLAN® Forceps Dilator,23055619,SCANLAN INTERNATIONAL INC,true,
SCANLAN® Stainless Steel Scissors,23055619,SCANLAN INTERNATIONAL INC,true,
SCANLAN® Needle Holders,23055619,SCANLAN INTERNATIONAL INC,true,
SCANLAN® Titanium Needle Holder,23055619,SCANLAN INTERNATIONAL INC,true,
SCANLAN® Vascu-Statt Appliers,23055619,SCANLAN INTERNATIONAL INC,true,
SCANLAN® Forceps,23055619,SCANLAN INTERNATIONAL INC,true,
SCANLAN®  Miscellaneous Instruments,23055619,SCANLAN INTERNATIONAL INC,true,
SCANLAN® V.I.P.™ Cleaning Tray without Manifold,23055619,SCANLAN INTERNATIONAL INC,true,
SCANLAN® V.I.P.™ Cleaning Tray with Manifold,23055619,SCANLAN INTERNATIONAL INC,true,
SCANLAN® SCANTURIAN™ V.I.P.™ Sterilization Tray,23055619,SCANLAN INTERNATIONAL INC,true,
SCANLAN®  Titanium Forceps,23055619,SCANLAN INTERNATIONAL INC,true,
SCANLAN® Forceps / Haemostats,23055619,SCANLAN INTERNATIONAL INC,true,
SCANLAN® Thoracoscopic Clamp,23055619,SCANLAN INTERNATIONAL INC,true,
SCANLAN® Super-Micro Fine Instrument,23055619,SCANLAN INTERNATIONAL INC,true,
SCANLAN® M.D. Retractor Assembly,23055619,SCANLAN INTERNATIONAL INC,true,
SCANLAN® M.D. Retractor Arm,23055619,SCANLAN INTERNATIONAL INC,true,
SCANLAN® Super Cut™ Scissors,23055619,SCANLAN INTERNATIONAL INC,true,
SCANLAN® Kitzmiller Clamp,23055619,SCANLAN INTERNATIONAL INC,true,
SCANLAN® Kitzmiller Clamp ,23055619,SCANLAN INTERNATIONAL INC,true,
SCANLAN® V.I.P.™ Sterilization Tray,23055619,SCANLAN INTERNATIONAL INC,true,
SCANLAN® Legacy Forceps,23055619,SCANLAN INTERNATIONAL INC,true,
SCANLAN® Dilator,23055619,SCANLAN INTERNATIONAL INC,true,
SCANLAN® Clamps,23055619,SCANLAN INTERNATIONAL INC,true,
 SCANLAN® Retractor Blade,23055619,SCANLAN INTERNATIONAL INC,true,
SCANLAN® DeBakey Clamp,23055619,SCANLAN INTERNATIONAL INC,true,
SCANLAN® Thoracoscopic Dissector,23055619,SCANLAN INTERNATIONAL INC,true,
SCANLAN® Hook,23055619,SCANLAN INTERNATIONAL INC,true,
SCANLAN® Titanium Clamp  ,23055619,SCANLAN INTERNATIONAL INC,true,
SCANLAN® Easy-Tag™ Tracking System,23055619,SCANLAN INTERNATIONAL INC,,
SCANLAN® Dennis Rib Cutter,23055619,SCANLAN INTERNATIONAL INC,true,
SCANLAN® Titanium Clamps,23055619,SCANLAN INTERNATIONAL INC,true,
SCANLAN® Thoracoscopic Needle holder,23055619,SCANLAN INTERNATIONAL INC,true,
SCANLAN® Stainless Steel Needle Holders,23055619,SCANLAN INTERNATIONAL INC,true,
SCANLAN® Legacy Micro Forceps,23055619,SCANLAN INTERNATIONAL INC,true,
SCANLAN® Legacy Needle Holders,23055619,SCANLAN INTERNATIONAL INC,true,
SCANLAN® Dennis Multi-Purpose Clamp ,23055619,SCANLAN INTERNATIONAL INC,true,
SCANLAN® Stainless Steel Scissors™,23055619,SCANLAN INTERNATIONAL INC,true,
SCANLAN® Titanium Forceps,23055619,SCANLAN INTERNATIONAL INC,true,
 SCANLAN® Titanium Forceps,23055619,SCANLAN INTERNATIONAL INC,true,
 SCANLAN® Titanium Needle Holders,23055619,SCANLAN INTERNATIONAL INC,true,
SCANLAN® Titanium Needle Holders,23055619,SCANLAN INTERNATIONAL INC,true,
SCANLAN® Super Cut™ and Ultra Sharp® Scissors,23055619,SCANLAN INTERNATIONAL INC,true,
SCANLAN® Instruments,23055619,SCANLAN INTERNATIONAL INC,true,
 SCANLAN®  Needle Holder ,23055619,SCANLAN INTERNATIONAL INC,true,
SCANLAN® Titanium Probes,23055619,SCANLAN INTERNATIONAL INC,true,
SCANLAN®  Minimally-Invasive Instrumentation,23055619,SCANLAN INTERNATIONAL INC,true,
SCANLAN® Thoracoscopic Dissector ,23055619,SCANLAN INTERNATIONAL INC,true,
SCANLAN®  DeBakey Forceps,23055619,SCANLAN INTERNATIONAL INC,true,
SCANLAN® Reliance Bulldog Clamp,23055619,SCANLAN INTERNATIONAL INC,true,
SCANLAN® M.D.™ Sternal Retractor System,23055619,SCANLAN INTERNATIONAL INC,true,
 SCANLAN®  Retractor,23055619,SCANLAN INTERNATIONAL INC,true,
SCANLAN® Microsurgical Instruments,23055619,SCANLAN INTERNATIONAL INC,true,
SCANLAN® MEMORY Instruments,23055619,SCANLAN INTERNATIONAL INC,true,
SCANLAN®,23055619,SCANLAN INTERNATIONAL INC,true,
SCANLAN® Suction System Devices,23055619,SCANLAN INTERNATIONAL INC,true,
Scanlan® SURG-I-BAND® Color Coding - Data Matrix,23055619,SCANLAN INTERNATIONAL INC,,
SCANLAN® Minimally Invasive Instruments,23055619,SCANLAN INTERNATIONAL INC,true,
SCANLAN® Minimally Invasive Instrumentation ,23055619,SCANLAN INTERNATIONAL INC,true,
SCANLAN® V.I.P™ Instrument Sterilization Trays,23055619,SCANLAN INTERNATIONAL INC,true,
SCANLAN® Dilators,23055619,SCANLAN INTERNATIONAL INC,true,
SCANLAN® In Situ Valvulotomes   ,23055619,SCANLAN INTERNATIONAL INC,true,
SCANLAN® Jacobson Stainless Steel Scissors,23055619,SCANLAN INTERNATIONAL INC,true,
SCANLAN® Monopolar Probe,23055619,SCANLAN INTERNATIONAL INC,true,
SCANLAN® Advantage™ Badie™ Suction Bipolar Forceps,23055619,SCANLAN INTERNATIONAL INC,true,
SCANLAN® Heavy Style Needle Holders,23055619,SCANLAN INTERNATIONAL INC,true,
SCANLAN® Retractor,23055619,SCANLAN INTERNATIONAL INC,true,
SCANLAN® Super Cut™,23055619,SCANLAN INTERNATIONAL INC,true,
SCANLAN®  Scissors,23055619,SCANLAN INTERNATIONAL INC,true,
SCANLAN® Scissors,23055619,SCANLAN INTERNATIONAL INC,true,
SCANLAN® Jacobson Micro Scissors,23055619,SCANLAN INTERNATIONAL INC,true,
SCANLAN® Cooley Clamp,23055619,SCANLAN INTERNATIONAL INC,true,
SCANLAN® Ultra Sharp® Scissors,23055619,SCANLAN INTERNATIONAL INC,true,
SCANLAN® Ultra Sharp® ,23055619,SCANLAN INTERNATIONAL INC,true,
SCANLAN®  Knot Pusher,23055619,SCANLAN INTERNATIONAL INC,true,
SCANLAN® Castroviejo  Micro Scissors,23055619,SCANLAN INTERNATIONAL INC,true,
SCANLAN® ,23055619,SCANLAN INTERNATIONAL INC,true,
SCANLAN® Jacobson Needle Holder,23055619,SCANLAN INTERNATIONAL INC,true,
SCANLAN® Minimally Invasive Instrument,23055619,SCANLAN INTERNATIONAL INC,true,
SCANLAN®  ,23055619,SCANLAN INTERNATIONAL INC,true,
SCANLAN® Bulldog Clamp,23055619,SCANLAN INTERNATIONAL INC,true,
SCANLAN® Thoracoscopic DeBakey Clamp,23055619,SCANLAN INTERNATIONAL INC,true,
SCANLAN® Thoracoscopic Reliance Bulldog Clamp Applier,23055619,SCANLAN INTERNATIONAL INC,true,
Scanlan® Surgical skin markers,23055619,SCANLAN INTERNATIONAL INC,true,
Scanlan® SURG-I-PAW® Instrument Covers,23055619,SCANLAN INTERNATIONAL INC,true,
SCANLAN® Ultimate™ Elliptical Aorta/Vein Punch,23055619,SCANLAN INTERNATIONAL INC,true,
SCANLAN® Elliptical A/V Punch,23055619,SCANLAN INTERNATIONAL INC,true,
 SCANLAN®  Elliptical A/V Punch,23055619,SCANLAN INTERNATIONAL INC,true,
SCANLAN® Ultimate™Aorta/Vein Punch,23055619,SCANLAN INTERNATIONAL INC,true,
Scanlan® SUTURE-STATT® suture tags,23055619,SCANLAN INTERNATIONAL INC,true,
Scanlan® SOFT GRIP™ Fabric Instrument Covers,23055619,SCANLAN INTERNATIONAL INC,true,
SCANLAN Minimally-Invasive Instrumentation,23055619,SCANLAN INTERNATIONAL INC,true,
Scanlan® VASCU-STATT® II single-use bulldog clamp w/firmer clamping press,23055619,SCANLAN INTERNATIONAL INC,true,
Scanlan® VASCU-STATT® single-use bulldog clamp,23055619,SCANLAN INTERNATIONAL INC,true,
SCANLAN® Pincap® orthopedic pin protectors,23055619,SCANLAN INTERNATIONAL INC,true,
Scanlan® VASCU-STATT® II Plus aprox s-use bulldog clmp w/Gentle-Jaw™surface,23055619,SCANLAN INTERNATIONAL INC,true,
Scanlan® VASCU-STATT® II approximator single-use bulldog clamp w/firmr pres,23055619,SCANLAN INTERNATIONAL INC,true,
Scanlan® VASCU-STATT® Plus aprox s-use bulldog clamp w/Gentle-Jaw™ surface,23055619,SCANLAN INTERNATIONAL INC,true,
Scanlan® VASCU-STATT® approximator single-use bulldog clamp,23055619,SCANLAN INTERNATIONAL INC,true,
Scanlan® SUTURE BOOT™ Instrument Jaw Covers,23055619,SCANLAN INTERNATIONAL INC,true,
Scanlan® SURG-I-BAND® color coding,23055619,SCANLAN INTERNATIONAL INC,,
Scanlan® SURG-I-LOOP® PLUS with semi-sharp needle,23055619,SCANLAN INTERNATIONAL INC,true,
Scanlan® SURG-I-LOOP® PLUS with blunt needle,23055619,SCANLAN INTERNATIONAL INC,true,
Scanlan® SURG-I-LOOP® silicone loops,23055619,SCANLAN INTERNATIONAL INC,true,
SCANLAN® Rongeur,23055619,SCANLAN INTERNATIONAL INC,true,
SCANLAN® Solem™ Vein Holder,23055619,SCANLAN INTERNATIONAL INC,true,
SCANLAN®  Aorta Vein Punch,23055619,SCANLAN INTERNATIONAL INC,true,
 SCANLAN®  Heavy Style Needle Holder ,23055619,SCANLAN INTERNATIONAL INC,true,
 Jacobson Micro Needle Holder Flat Handle,23055619,SCANLAN INTERNATIONAL INC,true,
 Jacobson Ring Handle Micro Needle Holder,23055619,SCANLAN INTERNATIONAL INC,true,
Jacobson Micro Needle Holder Flat Handle,23055619,SCANLAN INTERNATIONAL INC,true,
Jacobson Micro Needle Holder Bayonet,23055619,SCANLAN INTERNATIONAL INC,true,
 Castroviejo Micro Needle Holder Flat Handle,23055619,SCANLAN INTERNATIONAL INC,true,
 Castroviejo Micro Needle Holder Round Handle,23055619,SCANLAN INTERNATIONAL INC,true,
SCANLAN® Micro Needle Holders,23055619,SCANLAN INTERNATIONAL INC,true,
SCANLAN® Suction Forceps,23055619,SCANLAN INTERNATIONAL INC,true,
 SCANLAN®  A/V Punch,23055619,SCANLAN INTERNATIONAL INC,true,
Allis Intestinal Clamp,23055619,SCANLAN INTERNATIONAL INC,true,
Babcock Intestinal Clamp,23055619,SCANLAN INTERNATIONAL INC,true,
SCANLAN® Sternum Scissors,23055619,SCANLAN INTERNATIONAL INC,true,
SCANLAN®  Dr. Moline Clip,23055619,SCANLAN INTERNATIONAL INC,true,
"SCANLAN® Thoracoscopic Clamp, Hunter Satinsky-Style",23055619,SCANLAN INTERNATIONAL INC,true,
SCANLAN® Ligator   ,23055619,SCANLAN INTERNATIONAL INC,true,
SCANLAN® Stainless Steel Forceps,23055619,SCANLAN INTERNATIONAL INC,true,
SCANLAN® Micro Suture Tying Forceps,23055619,SCANLAN INTERNATIONAL INC,true,
Scanlan® A/C LOCATOR® graft markers,23055619,SCANLAN INTERNATIONAL INC,true,
Scanlan® RADIOMARK® graft markers,23055619,SCANLAN INTERNATIONAL INC,true,
Scanlan® VASCU-STATT® II Plus s-use bulldog clamp w/firm press Gentle-Jaw™,23055619,SCANLAN INTERNATIONAL INC,true,
Scanlan® VASCU-STATT® Plus single-use bulldog clamp w/Gentle-Jaw™ surface,23055619,SCANLAN INTERNATIONAL INC,true,
Scanlan® PrepMARK,23055619,SCANLAN INTERNATIONAL INC,true,
Thora Mayo Scs 10 mm w/wide blades,23055619,SCANLAN INTERNATIONAL INC,true,
SCANLAN® Needle Holders ,23055619,SCANLAN INTERNATIONAL INC,true,
SCANLAN® DEBAKEY CLAMP,23055619,SCANLAN INTERNATIONAL INC,true,
SCANLAN® TRAVELER™ Autoclavable Pouch,23055619,SCANLAN INTERNATIONAL INC,,
SCANLAN® Thor DeBakey Insulated,23055619,SCANLAN INTERNATIONAL INC,true,
SCANLAN® Instrument,23055619,SCANLAN INTERNATIONAL INC,true,
Scanlan® VASCU-STATT® Applier,23055619,SCANLAN INTERNATIONAL INC,true,
SCANLAN® V.I.P.™ Tunneler Sterilization Tray,23055619,SCANLAN INTERNATIONAL INC,true,
SCANLAN® Tunnelers,23055619,SCANLAN INTERNATIONAL INC,true,
 SCANLAN® Jacobson Heavy Style Needle Holder ,23055619,SCANLAN INTERNATIONAL INC,true,
 SCANLAN® Double Action Micro Needle Holder,23055619,SCANLAN INTERNATIONAL INC,true,
 Jacobson Micro Needle Holder Diamond Dust™ jaw    ,23055619,SCANLAN INTERNATIONAL INC,true,
Jacobson Micro Needle Holder Round Handle,23055619,SCANLAN INTERNATIONAL INC,true,
 Glasser Micro Needle Holder Round Handle,23055619,SCANLAN INTERNATIONAL INC,true,
Glasser Micro Needle Holder Round Handle Inside Spring,23055619,SCANLAN INTERNATIONAL INC,true,
Jacobson Micro Needle Holder  ,23055619,SCANLAN INTERNATIONAL INC,true,
Jacobson Micro Needle Holder Flat Knurled Handle,23055619,SCANLAN INTERNATIONAL INC,true,
SCANLAN® Instrument Sterilization Trays,23055619,SCANLAN INTERNATIONAL INC,true,
SCANLAN® Titanium  Forceps,23055619,SCANLAN INTERNATIONAL INC,true,
SCANLAN® Ochsner Instruments,23055619,SCANLAN INTERNATIONAL INC,true,
SCANLAN® Forceps / Haemostats / Clamps,23055619,SCANLAN INTERNATIONAL INC,true,
SCANLAN® Forceps/Haemostats,23055619,SCANLAN INTERNATIONAL INC,true,
SCANLAN® Chest Tube Passer,23055619,SCANLAN INTERNATIONAL INC,true,
SCANLAN® V.I.P.™ Instrument Sterilization Trays,23055619,SCANLAN INTERNATIONAL INC,true,
SCANLAN® Heifetz™ Temporary Clips and Appliers,23055619,SCANLAN INTERNATIONAL INC,true,
SCANLAN®Titanium Forceps,23055619,SCANLAN INTERNATIONAL INC,true,
Scanlan® TIP-GUARD™ instrument protectors - Colored,23055619,SCANLAN INTERNATIONAL INC,,
Scanlan® TIP-GUARD™ instrument protectors - Colored ,23055619,SCANLAN INTERNATIONAL INC,,
Scanlan® TIP-GUARD™ instrument protectors - Vented,23055619,SCANLAN INTERNATIONAL INC,,
SCANLAN® Endoscopic TIP-GUARD™ instrument protectors - Tinted,23055619,SCANLAN INTERNATIONAL INC,,
Scanlan® TIP-GUARD™ instrument protectors - Tinted,23055619,SCANLAN INTERNATIONAL INC,,
SCANLAN® Endoscopic TIP-GUARD™ instrument protectors - Clear,23055619,SCANLAN INTERNATIONAL INC,,
Scanlan® TIP-GUARD™ instrument protectors - Clear,23055619,SCANLAN INTERNATIONAL INC,,
Scanlan® TIP-GUARD™ instrument protectors - Endoscopic,23055619,SCANLAN INTERNATIONAL INC,,
Scanlan® SURG-I-BAND® Color Coding - System accessories,23055619,SCANLAN INTERNATIONAL INC,,
SCANLAN® A/C Locator® graft marker,23055619,SCANLAN INTERNATIONAL INC,true,
SCANLAN® Vascular Tunneler Sheaths and Bullet Tips Full Curve,23055619,SCANLAN INTERNATIONAL INC,true,
SCANLAN® Vascular Tunneler Sheaths and Bullet Tips,23055619,SCANLAN INTERNATIONAL INC,true,
 SCANLAN® Ultimate® A/V Punch,23055619,SCANLAN INTERNATIONAL INC,true,
 SCANLAN®  Ultimate™ Elliptical A/V Punch,23055619,SCANLAN INTERNATIONAL INC,true,
SCANLAN® Thora Foerster Clp Custom,23055619,SCANLAN INTERNATIONAL INC,true,
SCANLAN® Surgical skin markers ,23055619,SCANLAN INTERNATIONAL INC,true,
SAFE-MATE,790486612,"CASE-MATE, INC.",,
Good Sense,76059836,"GEISS, DESTIN &  DUNN, INC",,true
Good Sense,76059836,"GEISS, DESTIN &  DUNN, INC",,
Good Sense One Step Pregnancy Test,76059836,"GEISS, DESTIN &  DUNN, INC",,true
Good Sense Early Result Pregnancy Test,76059836,"GEISS, DESTIN &  DUNN, INC",,true
GoodSense,76059836,"GEISS, DESTIN &  DUNN, INC",,true
Good Sense Tampons,76059836,"GEISS, DESTIN &  DUNN, INC",,true
GoodSense,76059836,"GEISS, DESTIN &  DUNN, INC",,
LTV,830432451,Carefusion Corporation,true,
LTM II,830432451,Carefusion Corporation,true,
PTV,830432451,Carefusion Corporation,true,
OSTEOPREP,71595540,Conmed Corporation,true,
CONMED,71595540,Conmed Corporation,true,
NA,71595540,Conmed Corporation,true,
24K,71595540,Conmed Corporation,true,
BV Medical,105932508,BV Medical,,
BV Medical ,105932508,BV Medical,,true
BV Medical ,105932508,BV Medical,,
School Health Corporation,105932508,BV Medical,,
School Health ,105932508,BV Medical,,
School Health,105932508,BV Medical,,
KaWe,105932508,BV Medical,,
Rexall,68331990,"DOLGENCORP, LLC",,true
VERIDIAN,830437997,VERIDIAN HEALTHCARE LLC,,
SmartHeart,830437997,VERIDIAN HEALTHCARE LLC,,
Veridian,830437997,VERIDIAN HEALTHCARE LLC,,
UP&UP,6961700,TARGET CORPORATION,,true
Berrcom  ,830437997,VERIDIAN HEALTHCARE LLC,,true
Veridian,830437997,VERIDIAN HEALTHCARE LLC,,true
SMARTHEART,830437997,VERIDIAN HEALTHCARE LLC,,true
Up & Up,6961700,TARGET CORPORATION,,true
Up&Up,6961700,TARGET CORPORATION,,true
HeathWise,830437997,VERIDIAN HEALTHCARE LLC,,true
HealthWise,830437997,VERIDIAN HEALTHCARE LLC,,true
HealthWise,830437997,VERIDIAN HEALTHCARE LLC,,
VERIDIAN HEALTHCARE,830437997,VERIDIAN HEALTHCARE LLC,,
Indie Health,830437997,VERIDIAN HEALTHCARE LLC,,
Veridian Healthcare,830437997,VERIDIAN HEALTHCARE LLC,,true
Veridian,544392778,"JOYTECH HEALTHCARE CO.,LTD",,true
Blood Pressure Monitor CHU305,711510540,"CITIZEN SYSTEMS JAPAN CO.,LTD.",,
SmartHeart,830437997,VERIDIAN HEALTHCARE LLC,,true
Veridian ,830437997,VERIDIAN HEALTHCARE LLC,,
VERIDIAN,830437997,VERIDIAN HEALTHCARE LLC,,true
VERIDIAN,830437997,VERIDIAN HEALTHCARE LLC,true,
Blood Pressure Monitor CH-657,711510540,"CITIZEN SYSTEMS JAPAN CO.,LTD.",,
Blood Pressure Monitor CH-4532,711510540,"CITIZEN SYSTEMS JAPAN CO.,LTD.",,
Heritage,830437997,VERIDIAN HEALTHCARE LLC,,true
"Immco Diagnostics, Inc.",79935300,"IMMCO DIAGNOSTICS, INC.",true,
"Immco Diagnostics, Inc",79935300,"IMMCO DIAGNOSTICS, INC.",true,
IMMCO DIAGNOSTICS,79935300,"IMMCO DIAGNOSTICS, INC.",true,
IMMCO DIAGNOSTIC,79935300,"IMMCO DIAGNOSTICS, INC.",true,
Immco Diagnostics Inc.,79935300,"IMMCO DIAGNOSTICS, INC.",true,
Immco Diagnostics,79935300,"IMMCO DIAGNOSTICS, INC.",true,
"Immco DIagnostics, Inc.",79935300,"IMMCO DIAGNOSTICS, INC.",true,
IMMCO DIAGNOSTICS ,79935300,"IMMCO DIAGNOSTICS, INC.",true,
IMMCO DIAGNOSTOCS,79935300,"IMMCO DIAGNOSTICS, INC.",true,
BEHAVIORAL HEALTH MATTRESS™ FAMILY,967025602,"SIZEWISE RENTALS, L.L.C.",,true
Pressure Redistribution Foam Mattress Family,967025602,"SIZEWISE RENTALS, L.L.C.",,true
NPT 4 Versacare Mattress with Microclimate Family,63402450,WHEELCHAIRS OF KANSAS,,true
NPT 4 Totalcare Mattress with Microclimate Family,63402450,WHEELCHAIRS OF KANSAS,,true
NPT 4 Centrella Mattress w/ Microclimate Management Family,63402450,WHEELCHAIRS OF KANSAS,,true
NPT4 Mattress with Microclimate Family,967025602,"SIZEWISE RENTALS, L.L.C.",,
 WHEELCHAIR  CUSHION,967025602,"SIZEWISE RENTALS, L.L.C.",,true
Horizon 35,967025602,"SIZEWISE RENTALS, L.L.C.",,
Horizon EX,967025602,"SIZEWISE RENTALS, L.L.C.",,
 TOM2 Pediatric Gel Crib  Mattress Family,967025602,"SIZEWISE RENTALS, L.L.C.",,true
Platinum 6000 Versacare  Mattress Family,967025602,"SIZEWISE RENTALS, L.L.C.",,true
Alternating Pressure Recliner Overlay Family,967025602,"SIZEWISE RENTALS, L.L.C.",,
"Alternating Pressure Mattress (A,B, Alternation) Family",967025602,"SIZEWISE RENTALS, L.L.C.",,true
Alternating Pressure Mattress w/ Foam Bolsters Family,967025602,"SIZEWISE RENTALS, L.L.C.",,true
Alternating Pressure Low Air Loss Mattress w/ Foam Bolsters Family,967025602,"SIZEWISE RENTALS, L.L.C.",,true
Entry Level Foam Mattress Family,967025602,"SIZEWISE RENTALS, L.L.C.",,true
Dual Core Foam Mattress Family,967025602,"SIZEWISE RENTALS, L.L.C.",,true
SWR Low Bed Foam Mattress Family,967025602,"SIZEWISE RENTALS, L.L.C.",,true
SW Hercules Foam Mattress Family,967025602,"SIZEWISE RENTALS, L.L.C.",,true
SEAMLESS EXPANDABLE FOAM MATTRESS,967025602,"SIZEWISE RENTALS, L.L.C.",,true
PANACEA CONVERTIBLE 9 CELL MATTRESS ,967025602,"SIZEWISE RENTALS, L.L.C.",,true
PANACEA CONVERTIBLE PLUS 9 CELL MATTRESS ,967025602,"SIZEWISE RENTALS, L.L.C.",,true
PANACEA CONVERTIBLE WHEELCHAIR  CUSHION,967025602,"SIZEWISE RENTALS, L.L.C.",,true
PANACEA PULSE AIR IMPORT MATTRESS,967025602,"SIZEWISE RENTALS, L.L.C.",,true
PANACEA MOTION TURN MATTRESS FAMILY,967025602,"SIZEWISE RENTALS, L.L.C.",,true
PANACEA SOFT TURN MATTRESS FAMILY,967025602,"SIZEWISE RENTALS, L.L.C.",,true
PANACEA AIR PRO MATTRESS FAMILY,967025602,"SIZEWISE RENTALS, L.L.C.",,true
PANACEA AIR MAX MATTRESS FAMILY,967025602,"SIZEWISE RENTALS, L.L.C.",,true
PANACEA AIR ADVANCED MATTRESS FAMILY,967025602,"SIZEWISE RENTALS, L.L.C.",,true
PANACEA CONVERTIBLE PLUS 12 CELL MATTRESS ,967025602,"SIZEWISE RENTALS, L.L.C.",,true
PANACEA CONVERTIBLE 12 CELL MATTRESS ,967025602,"SIZEWISE RENTALS, L.L.C.",,true
Static Air Immersion Mattress Family,967025602,"SIZEWISE RENTALS, L.L.C.",,true
Carewise 7.1 Mattress Family,967025602,"SIZEWISE RENTALS, L.L.C.",,true
Carewise 13.1 Mattress Family,967025602,"SIZEWISE RENTALS, L.L.C.",,true
Platinum 6000 Alliance Mattress,967025602,"SIZEWISE RENTALS, L.L.C.",,true
Platinum 6000 Crosscare Mattress w/ Hercules Patient Repositioner,967025602,"SIZEWISE RENTALS, L.L.C.",,true
Pediatric Pulse LAL Mattress,967025602,"SIZEWISE RENTALS, L.L.C.",,true
"3 Hose 10"" Air Mattress",967025602,"SIZEWISE RENTALS, L.L.C.",,true
Tom 2 Pediatric Pulse Mattress,967025602,"SIZEWISE RENTALS, L.L.C.",,true
Clinicare Hybrid 3000 Mattress w/ Micro Climate Management,967025602,"SIZEWISE RENTALS, L.L.C.",,
Clinicare Active Mattress w/ Micro Climate Management ,967025602,"SIZEWISE RENTALS, L.L.C.",,
"8"" Replacement Mattress",967025602,"SIZEWISE RENTALS, L.L.C.",,true
Static LAL Mattress,967025602,"SIZEWISE RENTALS, L.L.C.",,true
Generic Turning Mattress,967025602,"SIZEWISE RENTALS, L.L.C.",,true
Pediatric Foam Crib Mattress Tom 2 Crib,967025602,"SIZEWISE RENTALS, L.L.C.",,true
Crosscare Rotate Mattress,967025602,"SIZEWISE RENTALS, L.L.C.",,true
Crosscare G Series NPT4 Mattress w Micro Climate Management,967025602,"SIZEWISE RENTALS, L.L.C.",,true
Crosscare G Series NPT3 Mattress,967025602,"SIZEWISE RENTALS, L.L.C.",,true
110V EVOLUTION 6000 9535,967025602,"SIZEWISE RENTALS, L.L.C.",,
Sapphire 1100 39/48 Expandable,967025602,"SIZEWISE RENTALS, L.L.C.",,
220V BSWRP 80,967025602,"SIZEWISE RENTALS, L.L.C.",,
220V BSWRP 86,967025602,"SIZEWISE RENTALS, L.L.C.",,true
220V BSWRP2 80,967025602,"SIZEWISE RENTALS, L.L.C.",,
220V BSWRP2 86,967025602,"SIZEWISE RENTALS, L.L.C.",,
220V 100/120cm Expandable Low Bed,967025602,"SIZEWISE RENTALS, L.L.C.",,
Victory Series 2000 Mattress Family,967025602,"SIZEWISE RENTALS, L.L.C.",,true
Victory Series 1800 Mattress Family,967025602,"SIZEWISE RENTALS, L.L.C.",,true
Victory Series 1600 Mattress Family,967025602,"SIZEWISE RENTALS, L.L.C.",,true
Stretcher Pad - Foam Mattress Family,967025602,"SIZEWISE RENTALS, L.L.C.",,true
Stratus 9.1 Mattress Family,967025602,"SIZEWISE RENTALS, L.L.C.",,true
Stratus7.1 Mattress Family,967025602,"SIZEWISE RENTALS, L.L.C.",,true
Stratus 5.1 Mattress Family,967025602,"SIZEWISE RENTALS, L.L.C.",,true
Stratus 3.1 Mattress Family,967025602,"SIZEWISE RENTALS, L.L.C.",,true
Rotate Mattress Family,967025602,"SIZEWISE RENTALS, L.L.C.",,true
Pulsate Mattress Family,967025602,"SIZEWISE RENTALS, L.L.C.",,true
Platinum 6000 Mattress Family,967025602,"SIZEWISE RENTALS, L.L.C.",,
Pediatric Pulse  Mattress Family,967025602,"SIZEWISE RENTALS, L.L.C.",,true
Pediatric Foam Crib  Mattress Family,967025602,"SIZEWISE RENTALS, L.L.C.",,true
O Series OR Pad - Gel Mattress Family,967025602,"SIZEWISE RENTALS, L.L.C.",,true
Mighty Air Mattress Family,967025602,"SIZEWISE RENTALS, L.L.C.",,true
Immerse Mattress Family,967025602,"SIZEWISE RENTALS, L.L.C.",,true
G Series NPT3 Mattress Family,967025602,"SIZEWISE RENTALS, L.L.C.",,
G Series NP9  Mattress Family,967025602,"SIZEWISE RENTALS, L.L.C.",,true
G Series NP12  Mattress Family,967025602,"SIZEWISE RENTALS, L.L.C.",,true
Carewise 9.1 Mattress Family,967025602,"SIZEWISE RENTALS, L.L.C.",,true
Carewise 3.1 Mattress Family,967025602,"SIZEWISE RENTALS, L.L.C.",,true
Big Turn Mattress Family,967025602,"SIZEWISE RENTALS, L.L.C.",,true
Pediatric Incubator/Bassinet Pad Family,967025602,"SIZEWISE RENTALS, L.L.C.",,true
Stretcher Pad - NP Mattress Family,967025602,"SIZEWISE RENTALS, L.L.C.",,true
Instant Comfort M6/M8 Mattress Family,967025602,"SIZEWISE RENTALS, L.L.C.",,true
Carewise 5.1 Mattress,967025602,"SIZEWISE RENTALS, L.L.C.",,true
Alternate Mattress ,967025602,"SIZEWISE RENTALS, L.L.C.",,true
"NP ""O"" Series OR Pad -  Foam Mattress Family",967025602,"SIZEWISE RENTALS, L.L.C.",,true
"NP ""S"" Series - Stretcher Pad Family",967025602,"SIZEWISE RENTALS, L.L.C.",,true
G Series NPT3 Versa Care Mattress Family,967025602,"SIZEWISE RENTALS, L.L.C.",,true
G Series NPT3 - Total Care Mattress Family,967025602,"SIZEWISE RENTALS, L.L.C.",,true
G Series NP12  Versacare Mattress Family,967025602,"SIZEWISE RENTALS, L.L.C.",,true
G Series NP12  Totalcare Mattress Family,967025602,"SIZEWISE RENTALS, L.L.C.",,true
G Series NP9 Versa Care Mattress Family,967025602,"SIZEWISE RENTALS, L.L.C.",,true
G Series NP9  Totalcare Mattress Family,967025602,"SIZEWISE RENTALS, L.L.C.",,true
"Behavioral Health 35""Defined Perimeter Mattress Option RF Welded Seams",967025602,"SIZEWISE RENTALS, L.L.C.",,true
Sizewise Immerse 48 8048,967025602,"SIZEWISE RENTALS, L.L.C.",,
Sizewise Immerse 42 8042,967025602,"SIZEWISE RENTALS, L.L.C.",,
Sizewise Immerse 39 8039,967025602,"SIZEWISE RENTALS, L.L.C.",,
Sizewise Immerse 35 8035,967025602,"SIZEWISE RENTALS, L.L.C.",,
Shuttle Power Drive,967025602,"SIZEWISE RENTALS, L.L.C.",,
Bed Drive System,967025602,"SIZEWISE RENTALS, L.L.C.",,
Defined Perimeter Mattress 8035,967025602,"SIZEWISE RENTALS, L.L.C.",,
"Stratus 42"" On Demand Mattress",967025602,"SIZEWISE RENTALS, L.L.C.",,
"Stratus 35"" On Demand Mattress",967025602,"SIZEWISE RENTALS, L.L.C.",,
"Stratus 42"" Mattress - 2 Hose",967025602,"SIZEWISE RENTALS, L.L.C.",,
"Stratus 35"" Mattress - 2 Hose",967025602,"SIZEWISE RENTALS, L.L.C.",,
Stratus Pump 7.1 (220 V),967025602,"SIZEWISE RENTALS, L.L.C.",,
Stratus Pump 5.1 (220 V),967025602,"SIZEWISE RENTALS, L.L.C.",,
Stratus Pump 3.1 (220 V),967025602,"SIZEWISE RENTALS, L.L.C.",,
Stratus Pump 7.1 (110 V),967025602,"SIZEWISE RENTALS, L.L.C.",,
Stratus Pump 5.1 (110 V),967025602,"SIZEWISE RENTALS, L.L.C.",,
Stratus Pump 3.1 (110 V),967025602,"SIZEWISE RENTALS, L.L.C.",,
Sapphire Comfort Turn 48,967025602,"SIZEWISE RENTALS, L.L.C.",,
Sapphire Comfort Turn 39,967025602,"SIZEWISE RENTALS, L.L.C.",,
220V 100cm Advantage Bed,967025602,"SIZEWISE RENTALS, L.L.C.",,
220V 120cm Advantage Bed,967025602,"SIZEWISE RENTALS, L.L.C.",,
220V BSWRP 86,967025602,"SIZEWISE RENTALS, L.L.C.",,
220V Mighty Air Blower,967025602,"SIZEWISE RENTALS, L.L.C.",,
220V Big Turn Blower,967025602,"SIZEWISE RENTALS, L.L.C.",,
220V Pulsate Blower,967025602,"SIZEWISE RENTALS, L.L.C.",,
220V Alternate Blower,967025602,"SIZEWISE RENTALS, L.L.C.",,
220V Rotate Blower,967025602,"SIZEWISE RENTALS, L.L.C.",,
220V Sapphire Pulse-A-Nate Blower,967025602,"SIZEWISE RENTALS, L.L.C.",,
220V Sapphire Static LAL,967025602,"SIZEWISE RENTALS, L.L.C.",,
220V Sapphire Comfort Turn Blower,967025602,"SIZEWISE RENTALS, L.L.C.",,
220V Sapphire Pulse Blower,967025602,"SIZEWISE RENTALS, L.L.C.",,
"220V Sapphire 1100 Blower 35""",967025602,"SIZEWISE RENTALS, L.L.C.",,
220V Sapphire 1100 Blower EC,967025602,"SIZEWISE RENTALS, L.L.C.",,
220V Platinum 6000 Control Unit,967025602,"SIZEWISE RENTALS, L.L.C.",,
Non Powered 12-100/120cm expandable,967025602,"SIZEWISE RENTALS, L.L.C.",,
Non Powered 12-120cm,967025602,"SIZEWISE RENTALS, L.L.C.",,
Non Powered 12-100cm,967025602,"SIZEWISE RENTALS, L.L.C.",,
220V 90cm Low Boy Bed,967025602,"SIZEWISE RENTALS, L.L.C.",,
220V 100cm Low Boy Bed,967025602,"SIZEWISE RENTALS, L.L.C.",,
220V 100/120cm Expandable Evolution,967025602,"SIZEWISE RENTALS, L.L.C.",,
220V 100cm Evolution,967025602,"SIZEWISE RENTALS, L.L.C.",,
220V 90cm Evolution,967025602,"SIZEWISE RENTALS, L.L.C.",,
220V 100cm Behavioral Health Evolution,967025602,"SIZEWISE RENTALS, L.L.C.",,
220V 100cm Behavioral Health Low Bed,967025602,"SIZEWISE RENTALS, L.L.C.",,
220V 90cm Behavioral Health Evolution,967025602,"SIZEWISE RENTALS, L.L.C.",,
220V 90cm Behavioral Health Low Bed,967025602,"SIZEWISE RENTALS, L.L.C.",,
220V Shuttle Series A - Advanced,967025602,"SIZEWISE RENTALS, L.L.C.",,
220V Shuttle Series B - Advanced,967025602,"SIZEWISE RENTALS, L.L.C.",,
Mighty Rest 60-86 Full Electric,967025602,"SIZEWISE RENTALS, L.L.C.",,
Mighty Rest 60 Full Electric,967025602,"SIZEWISE RENTALS, L.L.C.",,
Mighty Rest 54-86 Full Electric,967025602,"SIZEWISE RENTALS, L.L.C.",,
Mighty Rest 54 Full Electric,967025602,"SIZEWISE RENTALS, L.L.C.",,
Mighty Rest 48-86 Full Electric,967025602,"SIZEWISE RENTALS, L.L.C.",,
Mighty Rest 48 Full Electric,967025602,"SIZEWISE RENTALS, L.L.C.",,
Mighty Rest 39-86 Full Electric,967025602,"SIZEWISE RENTALS, L.L.C.",,
Mighty Rest 39 Full Electric,967025602,"SIZEWISE RENTALS, L.L.C.",,
Mighty Rest 60-86 Semi Electric,967025602,"SIZEWISE RENTALS, L.L.C.",,
Mighty Rest 60 Semi Electric,967025602,"SIZEWISE RENTALS, L.L.C.",,
Mighty Rest 54-86 Semi Electric,967025602,"SIZEWISE RENTALS, L.L.C.",,
Mighty Rest 54 Semi Electric,967025602,"SIZEWISE RENTALS, L.L.C.",,
Mighty Rest 48-86 Semi Electric,967025602,"SIZEWISE RENTALS, L.L.C.",,
Mighty Rest 48 Semi Electric,967025602,"SIZEWISE RENTALS, L.L.C.",,
WC Bari 30,967025602,"SIZEWISE RENTALS, L.L.C.",,
Platinum 6000 VCR 39,967025602,"SIZEWISE RENTALS, L.L.C.",,
Platinum 6000 TCR 39,967025602,"SIZEWISE RENTALS, L.L.C.",,
Navigator,967025602,"SIZEWISE RENTALS, L.L.C.",,
Drop Arm Commode 28,967025602,"SIZEWISE RENTALS, L.L.C.",,
Drop Arm Commode 20,967025602,"SIZEWISE RENTALS, L.L.C.",,
Shower Commode 22,967025602,"SIZEWISE RENTALS, L.L.C.",,
Shower Commode 20,967025602,"SIZEWISE RENTALS, L.L.C.",,
Behavioral Health Low Bed,967025602,"SIZEWISE RENTALS, L.L.C.",,
Behavioral Health Evolution,967025602,"SIZEWISE RENTALS, L.L.C.",,
Shuttle Series A - Advanced,967025602,"SIZEWISE RENTALS, L.L.C.",,
Platinum 6000 Control Unit,967025602,"SIZEWISE RENTALS, L.L.C.",,
Platinum 6000 54,967025602,"SIZEWISE RENTALS, L.L.C.",,
Platinum 6000 48,967025602,"SIZEWISE RENTALS, L.L.C.",,
Platinum 6000 42,967025602,"SIZEWISE RENTALS, L.L.C.",,
Platinum 6000 39,967025602,"SIZEWISE RENTALS, L.L.C.",,
Platinum 6000 84,967025602,"SIZEWISE RENTALS, L.L.C.",,
Platinum 6000 35,967025602,"SIZEWISE RENTALS, L.L.C.",,
Non Powered 4-35,967025602,"SIZEWISE RENTALS, L.L.C.",,
Shuttle Series B - Standard,967025602,"SIZEWISE RENTALS, L.L.C.",,
Lift Scale,967025602,"SIZEWISE RENTALS, L.L.C.",,
Portable Overhead Lift,967025602,"SIZEWISE RENTALS, L.L.C.",,
Bedside Lift,967025602,"SIZEWISE RENTALS, L.L.C.",,
Non Powered 24-35,967025602,"SIZEWISE RENTALS, L.L.C.",,
Non Powered 12-35,967025602,"SIZEWISE RENTALS, L.L.C.",,
Non Powered 9-35,967025602,"SIZEWISE RENTALS, L.L.C.",,
Sapphire 800 35,967025602,"SIZEWISE RENTALS, L.L.C.",,
Sapphire 1100 48,967025602,"SIZEWISE RENTALS, L.L.C.",,
Sapphire 1100 42,967025602,"SIZEWISE RENTALS, L.L.C.",,
Sapphire 1100 39,967025602,"SIZEWISE RENTALS, L.L.C.",,
Sapphire 1100 35,967025602,"SIZEWISE RENTALS, L.L.C.",,
Sapphire Pulse 35,967025602,"SIZEWISE RENTALS, L.L.C.",,
Sapphire Comfort Turn 35,967025602,"SIZEWISE RENTALS, L.L.C.",,
Pediatric 28,967025602,"SIZEWISE RENTALS, L.L.C.",,
Pediatric 25,967025602,"SIZEWISE RENTALS, L.L.C.",,
Pediatric Pulsate,967025602,"SIZEWISE RENTALS, L.L.C.",,
Rotate TCR,967025602,"SIZEWISE RENTALS, L.L.C.",,
Rotate 35,967025602,"SIZEWISE RENTALS, L.L.C.",,
APM Mattress,967025602,"SIZEWISE RENTALS, L.L.C.",,
APM Pump,967025602,"SIZEWISE RENTALS, L.L.C.",,
Percussion 48,967025602,"SIZEWISE RENTALS, L.L.C.",,
Percussion 39,967025602,"SIZEWISE RENTALS, L.L.C.",,
Percussion 35,967025602,"SIZEWISE RENTALS, L.L.C.",,
Alternate Versa Care,967025602,"SIZEWISE RENTALS, L.L.C.",,
Alternate Total Care,967025602,"SIZEWISE RENTALS, L.L.C.",,
Low Profile Alternate,967025602,"SIZEWISE RENTALS, L.L.C.",,
Alternate 35,967025602,"SIZEWISE RENTALS, L.L.C.",,
Pulsate Versa Care,967025602,"SIZEWISE RENTALS, L.L.C.",,
Pulsate Total Care,967025602,"SIZEWISE RENTALS, L.L.C.",,
Low Profile Pulsate,967025602,"SIZEWISE RENTALS, L.L.C.",,
Pulsate 48,967025602,"SIZEWISE RENTALS, L.L.C.",,
Pulsate 39,967025602,"SIZEWISE RENTALS, L.L.C.",,
Pulsate 35,967025602,"SIZEWISE RENTALS, L.L.C.",,
Big Turn 48,967025602,"SIZEWISE RENTALS, L.L.C.",,
Big Turn 39,967025602,"SIZEWISE RENTALS, L.L.C.",,
Mighty Air 48,967025602,"SIZEWISE RENTALS, L.L.C.",,
Mighty Air 39,967025602,"SIZEWISE RENTALS, L.L.C.",,
Mighty Rest 39-86 Semi Electric,967025602,"SIZEWISE RENTALS, L.L.C.",,
Mighty Rest 39 Semi Electric,967025602,"SIZEWISE RENTALS, L.L.C.",,
Four Post,967025602,"SIZEWISE RENTALS, L.L.C.",,
A Frame Adv/Low,967025602,"SIZEWISE RENTALS, L.L.C.",,
35 Evolution,967025602,"SIZEWISE RENTALS, L.L.C.",,
WC Bari 32,967025602,"SIZEWISE RENTALS, L.L.C.",,
Bariatric Walker,967025602,"SIZEWISE RENTALS, L.L.C.",,
Tub Transfer Bench,967025602,"SIZEWISE RENTALS, L.L.C.",,
Drop Arm Commode 36,967025602,"SIZEWISE RENTALS, L.L.C.",,
Drop Arm Commode 24,967025602,"SIZEWISE RENTALS, L.L.C.",,
Drop Arm Commode 22 (20),967025602,"SIZEWISE RENTALS, L.L.C.",,
Shower Commode 30,967025602,"SIZEWISE RENTALS, L.L.C.",,
Shower Commode 26,967025602,"SIZEWISE RENTALS, L.L.C.",,
Shuttle Series B - Advanced,967025602,"SIZEWISE RENTALS, L.L.C.",,true
Sapphire 1100 Blower EC,967025602,"SIZEWISE RENTALS, L.L.C.",,
"Sapphire 1100 Blower 35""",967025602,"SIZEWISE RENTALS, L.L.C.",,
Sapphire Pulse Blower,967025602,"SIZEWISE RENTALS, L.L.C.",,
Sapphire Comfort Turn Blower,967025602,"SIZEWISE RENTALS, L.L.C.",,
Geri-Air/ GAP,967025602,"SIZEWISE RENTALS, L.L.C.",,
Sapphire 475,967025602,"SIZEWISE RENTALS, L.L.C.",,
Rotate Blower,967025602,"SIZEWISE RENTALS, L.L.C.",,
Alternate Blower,967025602,"SIZEWISE RENTALS, L.L.C.",,
Pulsate Blower,967025602,"SIZEWISE RENTALS, L.L.C.",,
Big Turn Blower,967025602,"SIZEWISE RENTALS, L.L.C.",,
Mighty Air Blower,967025602,"SIZEWISE RENTALS, L.L.C.",,
WC Advantage 36+,967025602,"SIZEWISE RENTALS, L.L.C.",,
WC Advantage 34,967025602,"SIZEWISE RENTALS, L.L.C.",,
WC Advantage 32,967025602,"SIZEWISE RENTALS, L.L.C.",,
WC Advantage 30,967025602,"SIZEWISE RENTALS, L.L.C.",,
WC Advantage 28,967025602,"SIZEWISE RENTALS, L.L.C.",,
WC Advantage 26,967025602,"SIZEWISE RENTALS, L.L.C.",,
WC Advantage 24,967025602,"SIZEWISE RENTALS, L.L.C.",,
WC Advantage 22,967025602,"SIZEWISE RENTALS, L.L.C.",,
WC Advantage 20,967025602,"SIZEWISE RENTALS, L.L.C.",,
WC Bari 36+,967025602,"SIZEWISE RENTALS, L.L.C.",,
WC Bari 34,967025602,"SIZEWISE RENTALS, L.L.C.",,
WC Bari 28,967025602,"SIZEWISE RENTALS, L.L.C.",,
WC Bari 26,967025602,"SIZEWISE RENTALS, L.L.C.",,
WC Bari 24,967025602,"SIZEWISE RENTALS, L.L.C.",,
WC Bari 22,967025602,"SIZEWISE RENTALS, L.L.C.",,
WC Bari 20,967025602,"SIZEWISE RENTALS, L.L.C.",,
A Frame Bari,967025602,"SIZEWISE RENTALS, L.L.C.",,
48 Advantage Bed,967025602,"SIZEWISE RENTALS, L.L.C.",,
BSWRP2 80,967025602,"SIZEWISE RENTALS, L.L.C.",,
BSWRP 86,967025602,"SIZEWISE RENTALS, L.L.C.",,
BSWRP 80,967025602,"SIZEWISE RENTALS, L.L.C.",,
39 Advantage Bed,967025602,"SIZEWISE RENTALS, L.L.C.",,
39 Low Boy Bed,967025602,"SIZEWISE RENTALS, L.L.C.",,
OsteoMed,606417780,OSTEOMED LLC,true,
DOLABANY EYEWEAR,65501104,DOLABANY EYEWEAR,,true
ZEUS IFA ANA HEp-2 Test System,80953946,"ZEUS SCIENTIFIC, INC.",true,
ZEUS Scientific Tissue Fixative,80953946,"ZEUS SCIENTIFIC, INC.",true,
ZEUS Wash Solution,80953946,"ZEUS SCIENTIFIC, INC.",,true
ZEUS ELISA Parvovirus B19 IgM Test System ,80953946,"ZEUS SCIENTIFIC, INC.",true,
ZEUS ELISA Parvovirus B19 IgM Test System p,80953946,"ZEUS SCIENTIFIC, INC.",true,
ZEUS ELISA Parvovirus B19 IgG Test System ,80953946,"ZEUS SCIENTIFIC, INC.",true,
ZEUS ELISA Parvovirus B19 IgG Test System,80953946,"ZEUS SCIENTIFIC, INC.",true,
ZORBA IgG Removal Reagent,80953946,"ZEUS SCIENTIFIC, INC.",true,
Q IFA ANA Hep-2 96-Well Test System,80953946,"ZEUS SCIENTIFIC, INC.",true,
Q IFA ANA Hep-2 24-Well Test System,80953946,"ZEUS SCIENTIFIC, INC.",true,
Q IFA ANA Hep-2 18-Well Test System,80953946,"ZEUS SCIENTIFIC, INC.",true,
IFA L. pneumophila Group 1-6 Test System,80953946,"ZEUS SCIENTIFIC, INC.",true,
IFA L. pneumophila Direct FA Test System,80953946,"ZEUS SCIENTIFIC, INC.",true,
IFA B. burgdorferi IgG/IgM Test System,80953946,"ZEUS SCIENTIFIC, INC.",true,
IFA VZV IgG Test System,80953946,"ZEUS SCIENTIFIC, INC.",true,
IFA Measles IgG Test System,80953946,"ZEUS SCIENTIFIC, INC.",true,
IFA EBV-NA IgG Test System,80953946,"ZEUS SCIENTIFIC, INC.",true,
IFA EBV-EA IgG Methanol Test System,80953946,"ZEUS SCIENTIFIC, INC.",true,
IFA EBV-EA IgG (Zorba) Test System,80953946,"ZEUS SCIENTIFIC, INC.",true,
IFA EBV-EA IgG Test System,80953946,"ZEUS SCIENTIFIC, INC.",true,
IFA EBV-VCA IgM Test System,80953946,"ZEUS SCIENTIFIC, INC.",true,
IFA EBV-VCA IgG Test System,80953946,"ZEUS SCIENTIFIC, INC.",true,
IFA HSV-2 IgG Test Sytem,80953946,"ZEUS SCIENTIFIC, INC.",true,
IFA HSV-1 IgG Test System,80953946,"ZEUS SCIENTIFIC, INC.",true,
IFA CMV IgM Test System,80953946,"ZEUS SCIENTIFIC, INC.",true,
IFA CMV IgG Test System,80953946,"ZEUS SCIENTIFIC, INC.",true,
IFA T. gondii IgM Test System,80953946,"ZEUS SCIENTIFIC, INC.",true,
IFA T. gondii IgG Test System,80953946,"ZEUS SCIENTIFIC, INC.",true,
IFA FTA-ABS Titratable Test System,80953946,"ZEUS SCIENTIFIC, INC.",true,
IFA FTA-ABS Double Stain Test System,80953946,"ZEUS SCIENTIFIC, INC.",true,
IFA FTA-ABS Test System,80953946,"ZEUS SCIENTIFIC, INC.",true,
IFA ASA Test System,80953946,"ZEUS SCIENTIFIC, INC.",true,
IFA ATA Test System,80953946,"ZEUS SCIENTIFIC, INC.",true,
IFA ASMA Test System,80953946,"ZEUS SCIENTIFIC, INC.",true,
IFA AAS Mouse Kidney/Stomach/Liver Test System,80953946,"ZEUS SCIENTIFIC, INC.",true,
IFA  AAS Rat Kidney/Stomach/Liver Tissue Test System,80953946,"ZEUS SCIENTIFIC, INC.",true,
IFA  AAS Rat Kidney/Stomach Tissue Test System,80953946,"ZEUS SCIENTIFIC, INC.",true,
IFA AMA Test System,80953946,"ZEUS SCIENTIFIC, INC.",true,
IFA ANA Hep-2 w/Evans Blue Test System,80953946,"ZEUS SCIENTIFIC, INC.",true,
IFA ANA Hep-2 w/Evans Blue Bulk Test System,80953946,"ZEUS SCIENTIFIC, INC.",true,
IFA ANA Hep-2 Test System,80953946,"ZEUS SCIENTIFIC, INC.",true,
IFA ANA Hep-2 Bulk Test System,80953946,"ZEUS SCIENTIFIC, INC.",true,
IFA ANA Mouse Kidney Tissue Test System,80953946,"ZEUS SCIENTIFIC, INC.",true,
IFA ANA Rat Liver Tissue Test System,80953946,"ZEUS SCIENTIFIC, INC.",true,
IFA nDNA Test System,80953946,"ZEUS SCIENTIFIC, INC.",true,
ELISA HAMA IgG Test System,80953946,"ZEUS SCIENTIFIC, INC.",true,
ELISA VZV IgM Smart Kit Test System,80953946,"ZEUS SCIENTIFIC, INC.",true,
ELISA VZV IgM Q Test System,80953946,"ZEUS SCIENTIFIC, INC.",true,
ELISA VZV IgM Test System,80953946,"ZEUS SCIENTIFIC, INC.",true,
ELISA VZV IgG Smart Kit Test System,80953946,"ZEUS SCIENTIFIC, INC.",true,
ELISA VZV IgG Q Test System,80953946,"ZEUS SCIENTIFIC, INC.",true,
ELISA VZV IgG Bulk Test System,80953946,"ZEUS SCIENTIFIC, INC.",true,
ELISA VZV IgG Test System,80953946,"ZEUS SCIENTIFIC, INC.",true,
ELISA TPO IgG Smart Kit Test System,80953946,"ZEUS SCIENTIFIC, INC.",true,
ELISA TPO IgG Test System,80953946,"ZEUS SCIENTIFIC, INC.",true,
ELISA T. gondii IgM Smart Kit Test System,80953946,"ZEUS SCIENTIFIC, INC.",true,
ELISA T. gondii IgM Test System,80953946,"ZEUS SCIENTIFIC, INC.",true,
ELISA T. gondii IgG Smart Kit Test System,80953946,"ZEUS SCIENTIFIC, INC.",true,
ELISA T. gondii IgG Q Test System,80953946,"ZEUS SCIENTIFIC, INC.",true,
ELISA T. gondii IgG Test System,80953946,"ZEUS SCIENTIFIC, INC.",true,
ELISA  Tg IgG Smart Kit Test System,80953946,"ZEUS SCIENTIFIC, INC.",true,
ELISA  Tg IgG Test System,80953946,"ZEUS SCIENTIFIC, INC.",true,
ELISA T. pallidum IgG Smart Kit Test System,80953946,"ZEUS SCIENTIFIC, INC.",true,
ELISA T. pallidum IgG Test System,80953946,"ZEUS SCIENTIFIC, INC.",true,
ELISA SSB (La) Smart Kit Test System,80953946,"ZEUS SCIENTIFIC, INC.",true,
ELISA SSB (La) Test System,80953946,"ZEUS SCIENTIFIC, INC.",true,
ELISA SSA (Ro) Smart Kit Test System,80953946,"ZEUS SCIENTIFIC, INC.",true,
ELISA SSA (Ro) Test System,80953946,"ZEUS SCIENTIFIC, INC.",true,
ELISA Sm/RNP Smart Kit Test System,80953946,"ZEUS SCIENTIFIC, INC.",true,
ELISA Sm/RNP Test System,80953946,"ZEUS SCIENTIFIC, INC.",true,
ELISA Sm Smart Kit Test System,80953946,"ZEUS SCIENTIFIC, INC.",true,
ELISA Sm Test System,80953946,"ZEUS SCIENTIFIC, INC.",true,
ELISA Scl-70 Smart Kit Test System,80953946,"ZEUS SCIENTIFIC, INC.",true,
ELISA Scl-70 Test System,80953946,"ZEUS SCIENTIFIC, INC.",true,
ELISA Rubella IgM Smart Kit Test System,80953946,"ZEUS SCIENTIFIC, INC.",true,
ELISA Rubella IgM Test System,80953946,"ZEUS SCIENTIFIC, INC.",true,
ELISA Rubella IgG Smart Kit Test System,80953946,"ZEUS SCIENTIFIC, INC.",true,
ELISA Rubella IgG Q Test System,80953946,"ZEUS SCIENTIFIC, INC.",true,
ELISA Rubella IgG Bulk Test System,80953946,"ZEUS SCIENTIFIC, INC.",true,
ELISA Rubella IgG Test System,80953946,"ZEUS SCIENTIFIC, INC.",true,
ELISA RF IgM Smart Kit Test Sytem,80953946,"ZEUS SCIENTIFIC, INC.",true,
ELISA RF IgM Test Sytem,80953946,"ZEUS SCIENTIFIC, INC.",true,
ELISA PR-3 Smart Kit Test System,80953946,"ZEUS SCIENTIFIC, INC.",true,
ELISA PR-3 Test System,80953946,"ZEUS SCIENTIFIC, INC.",true,
ELISA M. pneumoniae IgM Smart Kit Test System,80953946,"ZEUS SCIENTIFIC, INC.",true,
ELISA M. pneumoniae IgM Test System,80953946,"ZEUS SCIENTIFIC, INC.",true,
ELISA M. pneumoniae IgG Smart Kit Test System,80953946,"ZEUS SCIENTIFIC, INC.",true,
ELISA M. pneumoniae Q IgG Test System,80953946,"ZEUS SCIENTIFIC, INC.",true,
ELISA M. pneumoniae IgG Test System,80953946,"ZEUS SCIENTIFIC, INC.",true,
ELISA Mumps IgG Smart Kit Test System,80953946,"ZEUS SCIENTIFIC, INC.",true,
ELISA Mumps IgG Q Test System,80953946,"ZEUS SCIENTIFIC, INC.",true,
ELISA Mumps IgG Bulk Test System,80953946,"ZEUS SCIENTIFIC, INC.",true,
ELISA Mumps IgG Test System,80953946,"ZEUS SCIENTIFIC, INC.",true,
ELISA MPO Smart Kit Test System,80953946,"ZEUS SCIENTIFIC, INC.",true,
ELISA MPO Test System,80953946,"ZEUS SCIENTIFIC, INC.",true,
ELISA Measles IgG Smart Kit Test System,80953946,"ZEUS SCIENTIFIC, INC.",true,
ELISA Measles IgG Q Test System,80953946,"ZEUS SCIENTIFIC, INC.",true,
ELISA Measles IgG Bulk Test System,80953946,"ZEUS SCIENTIFIC, INC.",true,
ELISA Measles IgG Test System,80953946,"ZEUS SCIENTIFIC, INC.",true,
ELISA L. pneumophila IgG/IgM/IgA Smart Kit Test System,80953946,"ZEUS SCIENTIFIC, INC.",true,
ELISA L. pneumophila IgG/IgM/IgA Test System,80953946,"ZEUS SCIENTIFIC, INC.",true,
ELISA Jo-1 Smart Kit Test System,80953946,"ZEUS SCIENTIFIC, INC.",true,
ELISA Jo-1 Test System,80953946,"ZEUS SCIENTIFIC, INC.",true,
ELISA HSV-2 IgG Smart Kit Test System,80953946,"ZEUS SCIENTIFIC, INC.",true,
ELISA HSV-2 IgG Test System,80953946,"ZEUS SCIENTIFIC, INC.",true,
ELISA HSV-1 IgG Smart Kit Test System,80953946,"ZEUS SCIENTIFIC, INC.",true,
ELISA HSV-1 IgG Test System,80953946,"ZEUS SCIENTIFIC, INC.",true,
ELISA HSV-1 & 2 IgM Smart Kit Test System,80953946,"ZEUS SCIENTIFIC, INC.",true,
ELISA HSV-1 & 2 IgM Test System,80953946,"ZEUS SCIENTIFIC, INC.",true,
ELISA HSV gG-2 IgG Smart Kit Test System,80953946,"ZEUS SCIENTIFIC, INC.",true,
ELISA HSV gG-2 IgG Test System,80953946,"ZEUS SCIENTIFIC, INC.",true,
ELISA HSV gG-1 IgG Smart Kit Test System,80953946,"ZEUS SCIENTIFIC, INC.",true,
ELISA HSV gG-1 IgG Test System,80953946,"ZEUS SCIENTIFIC, INC.",true,
ELISA H. pylori IgG Smart Kit Test System,80953946,"ZEUS SCIENTIFIC, INC.",true,
ELISA H. pylori IgG Q Test System,80953946,"ZEUS SCIENTIFIC, INC.",true,
ELISA H. pylori IgG Bulk Test System,80953946,"ZEUS SCIENTIFIC, INC.",true,
ELISA H. pylori IgG Test System,80953946,"ZEUS SCIENTIFIC, INC.",true,
ELISA Gliadin IgG Smart Kit Test System,80953946,"ZEUS SCIENTIFIC, INC.",true,
ELISA Gliadin IgG Test System,80953946,"ZEUS SCIENTIFIC, INC.",true,
ELISA Gliadin IgA Smart Kit Test System,80953946,"ZEUS SCIENTIFIC, INC.",true,
ELISA Gliadin IgA Test System,80953946,"ZEUS SCIENTIFIC, INC.",true,
ELISA ENA Screen Smart Kit Test Sytem,80953946,"ZEUS SCIENTIFIC, INC.",true,
ELISA ENA Screen Test Sytem,80953946,"ZEUS SCIENTIFIC, INC.",true,
ELISA ENA Profile-6 Test System,80953946,"ZEUS SCIENTIFIC, INC.",true,
ELISA EBV-EA IgG Smart Kit Test System,80953946,"ZEUS SCIENTIFIC, INC.",true,
ELISA EBV-EA IgG Q Test System,80953946,"ZEUS SCIENTIFIC, INC.",true,
ELISA EBV-EA IgG Test System,80953946,"ZEUS SCIENTIFIC, INC.",true,
ELISA EBV-VCA IgM Smart Kit Test System,80953946,"ZEUS SCIENTIFIC, INC.",true,
ELISA EBV-VCA IgM Q Test System,80953946,"ZEUS SCIENTIFIC, INC.",true,
ELISA EBV-VCA IgM Test System,80953946,"ZEUS SCIENTIFIC, INC.",true,
ELISA EBV-VCA IgG Smart Kit Test System,80953946,"ZEUS SCIENTIFIC, INC.",true,
ELISA EBV-VCA IgG Q Test System,80953946,"ZEUS SCIENTIFIC, INC.",true,
ELISA EBV-VCA IgG Test System,80953946,"ZEUS SCIENTIFIC, INC.",true,
ELISA EBNA-1 IgG Smart Kit Test Sytem,80953946,"ZEUS SCIENTIFIC, INC.",true,
ELISA EBNA-1 IgG Q Test Sytem,80953946,"ZEUS SCIENTIFIC, INC.",true,
ELISA EBNA-1 IgG Test Sytem,80953946,"ZEUS SCIENTIFIC, INC.",true,
ELISA dsDNA Test System Smart Kit Test System,80953946,"ZEUS SCIENTIFIC, INC.",true,
ELISA dsDNA Test System,80953946,"ZEUS SCIENTIFIC, INC.",true,
ELISA CMV IgM Smart Kit Test System,80953946,"ZEUS SCIENTIFIC, INC.",true,
ELISA CMV IgM Test System,80953946,"ZEUS SCIENTIFIC, INC.",true,
ELISA CMV IgG Q Test System,80953946,"ZEUS SCIENTIFIC, INC.",true,
ELISA CMV IgG Smart Kit Test System,80953946,"ZEUS SCIENTIFIC, INC.",true,
ELISA CMV IgG Test System,80953946,"ZEUS SCIENTIFIC, INC.",true,
ELISA Cardiolipin IgG/IgM/IgA Smart Kit Test System,80953946,"ZEUS SCIENTIFIC, INC.",true,
ELISA Cardiolipin IgG/IgM/IgA Test System,80953946,"ZEUS SCIENTIFIC, INC.",true,
ELISA Cardiolipin IgM Smart Kit Test System,80953946,"ZEUS SCIENTIFIC, INC.",true,
ELISA Cardiolipin IgM Test System,80953946,"ZEUS SCIENTIFIC, INC.",true,
ELISA Cardiolipin IgG Smart Kit Test System,80953946,"ZEUS SCIENTIFIC, INC.",true,
ELISA Cardiolipin IgG Test System,80953946,"ZEUS SCIENTIFIC, INC.",true,
ELISA Cardiolipin IgA Smart Kit Test System,80953946,"ZEUS SCIENTIFIC, INC.",true,
ELISA Cardiolipin IgA Test System,80953946,"ZEUS SCIENTIFIC, INC.",true,
ELISA Borrelia VlsE1/pepC10 IgG/IgM Smart Kit Test System,80953946,"ZEUS SCIENTIFIC, INC.",true,
ELISA Borrelia VlsE1/pepC10 IgG/IgM Q Test System,80953946,"ZEUS SCIENTIFIC, INC.",true,
ELISA Borrelia VlsE1/pepC10 IgG/IgM Bulk Test System,80953946,"ZEUS SCIENTIFIC, INC.",true,
ELISA Borrelia VlsE1/pepC10 IgG/IgM Test System,80953946,"ZEUS SCIENTIFIC, INC.",true,
ELISA B. burgdorferi IgG/IgM Smart Kit Test System,80953946,"ZEUS SCIENTIFIC, INC.",true,
ELISA B. burgdorferi IgG/IgM Bulk Test System,80953946,"ZEUS SCIENTIFIC, INC.",true,
ELISA B. burgdorferi IgG/IgM Test System,80953946,"ZEUS SCIENTIFIC, INC.",true,
ELISA B. burgdorferi IgM Smart Kit Test System,80953946,"ZEUS SCIENTIFIC, INC.",true,
ELISA B. burgdorferi IgM Test System,80953946,"ZEUS SCIENTIFIC, INC.",true,
ELISA B. burgdorferi IgG Smart Kit Test System,80953946,"ZEUS SCIENTIFIC, INC.",true,
ELISA B. burgdorferi IgG Test System,80953946,"ZEUS SCIENTIFIC, INC.",true,
ELISA ANCA Screen Smart Kit Test System,80953946,"ZEUS SCIENTIFIC, INC.",true,
ELISA ANCA Screen Test System,80953946,"ZEUS SCIENTIFIC, INC.",true,
ELISA ANA Screen Smart Kit Test System,80953946,"ZEUS SCIENTIFIC, INC.",true,
ELISA ANA Screen Test System,80953946,"ZEUS SCIENTIFIC, INC.",true,
AtheNA Multi-Lyte® T. pallidum IgG Plus Test System,80953946,"ZEUS SCIENTIFIC, INC.",true,
AtheNA Multi-Lyte® TPO/Tg IgG Plus Test System,80953946,"ZEUS SCIENTIFIC, INC.",true,
AtheNA Multi-Lyte® ToRCH IgG Plus Test System,80953946,"ZEUS SCIENTIFIC, INC.",true,
AtheNA Multi-Lyte® RF IgM Plus Test System,80953946,"ZEUS SCIENTIFIC, INC.",true,
AtheNA Multi-Lyte® MMV IgG Plus Test System,80953946,"ZEUS SCIENTIFIC, INC.",true,
AtheNA Multi-Lyte® MMRV IgG Plus Test System,80953946,"ZEUS SCIENTIFIC, INC.",true,
AtheNA Multi-Lyte® HSV-1 & 2 IgG Plus Test System,80953946,"ZEUS SCIENTIFIC, INC.",true,
AtheNA Multi-Lyte® EBV-VCA IgM Plus Test System,80953946,"ZEUS SCIENTIFIC, INC.",true,
AtheNA Multi-Lyte® EBV IgG Plus Test System,80953946,"ZEUS SCIENTIFIC, INC.",true,
AtheNA Multi-Lyte® AIV Plus Test System,80953946,"ZEUS SCIENTIFIC, INC.",true,
AtheNA Multi-Lyte® ANA-II  Plus Test System,80953946,"ZEUS SCIENTIFIC, INC.",true,
KINCISE™,79116867,"Anspach Effort, The",true,
Anspach Helix™,79116867,"Anspach Effort, The",true,
Anspach Helix,79116867,"Anspach Effort, The",true,
Anspach,79116867,"Anspach Effort, The",true,
NA,79116867,"Anspach Effort, The",true,
EG1™ High Speed System,79116867,"Anspach Effort, The",true,
NA,79116867,"Anspach Effort, The",,
MAM,828747233,MAM USA CORPORATION,,true
MAM,828747233,MAM USA CORPORATION,,
Thermo Scientific GlucoCrush™,183998769,Fisher Diagnostics,true,
Thermo Scientific GlucoCrush™,183998769,Fisher Diagnostics,,
Thermo Scientific for Beckman Coulter SYNCHRON and UnuCel Systems,183998769,Fisher Diagnostics,,
Thermo Scientific Infinity™ for Beckman Coulter SYNCHRON Systems,183998769,Fisher Diagnostics,,
Thermo Scientific Protocol™ Parasitology System,183998769,Fisher Diagnostics,,
Thermo Scientific Trutol™,183998769,Fisher Diagnostics,true,
Thermo Scientific Trutol™,183998769,Fisher Diagnostics,,
Thermo Scientific Nerl®,183998769,Fisher Diagnostics,,
Thermo Scientific Infinity™ for Beckman Coulter AU® Chemistry Analyzers,183998769,Fisher Diagnostics,,
Thermo Scientific ,183998769,Fisher Diagnostics,,
Thermo Scientific Infinity™,183998769,Fisher Diagnostics,,
Thermo Scientific Infinity™ for Olympus Analyzers,183998769,Fisher Diagnostics,,
Thermo Scientific Pacific Hemostasis®,183998769,Fisher Diagnostics,,
MM-TSM,18860556,Philips Image Guided Therapy Corporation,true,
IntraSight Mobile,135179237,VOLCANO CORPORATION,true,
IntraSight,18860556,Philips Image Guided Therapy Corporation,true,
ICE PIM,18860556,Philips Image Guided Therapy Corporation,true,
FM-PIM,135179237,VOLCANO CORPORATION,true,
SyncVision Workstation,135179237,VOLCANO CORPORATION,true,
CORE Control Pad 2.0,135179237,VOLCANO CORPORATION,true,
CORE PC WORKSTATION FRU,135179237,VOLCANO CORPORATION,true,
"CORE M2, Cart",135179237,VOLCANO CORPORATION,true,
CORE Control Pad 2.0,18860556,Philips Image Guided Therapy Corporation,true,
"PIM, SYNTHETIC APERTURE W/PIGTAIL",135179237,VOLCANO CORPORATION,true,
"PIM, SYNTHETIC APERTURE W/PIGTAIL, s5",135179237,VOLCANO CORPORATION,true,
Connection Box II,135179237,VOLCANO CORPORATION,true,
SmartMap Pressure System,135179237,VOLCANO CORPORATION,true,
"CORE (W/X9 M/B), PC WORKSTATION FRU",135179237,VOLCANO CORPORATION,true,
"CORE M2, Panel PC",135179237,VOLCANO CORPORATION,true,
CORE Series Precision Guided Therapy System,135179237,VOLCANO CORPORATION,true,
CORE M2 Vascular System,135179237,VOLCANO CORPORATION,true,
CORE FM CART,135179237,VOLCANO CORPORATION,true,
s5i Imaging System Workstation,135179237,VOLCANO CORPORATION,true,
s5i Imaging System Workstation ,135179237,VOLCANO CORPORATION,true,
CORE Series Workstation,135179237,VOLCANO CORPORATION,true,
FM-HUB,135179237,VOLCANO CORPORATION,true,
CORE FM SYSTEM,135179237,VOLCANO CORPORATION,true,
SyncVision System Medical Image Processing System,18860556,Philips Image Guided Therapy Corporation,true,
s5 PC Module,135179237,VOLCANO CORPORATION,true,
CORE Mobile System Medical Equipment 100V,18860556,Philips Image Guided Therapy Corporation,true,
CORE Mobile System Medical Equipment,18860556,Philips Image Guided Therapy Corporation,true,
CORE Mobile System Medical Equipment 120V,18860556,Philips Image Guided Therapy Corporation,true,
Control Console II,135179237,VOLCANO CORPORATION,true,
ComboMap patient Interface Module,135179237,VOLCANO CORPORATION,true,
Patient Interface Module (PIMr),135179237,VOLCANO CORPORATION,true,
s5 FFR Patient Interface Module,135179237,VOLCANO CORPORATION,true,
Joystick,135179237,VOLCANO CORPORATION,true,
PIMr (SpinVision) Pullback Device,135179237,VOLCANO CORPORATION,true,
ComboMap Pressure and Flow System ,135179237,VOLCANO CORPORATION,true,
CORE Series Precision Guided Therapy System ,18860556,Philips Image Guided Therapy Corporation,true,
s5i Imaging System,135179237,VOLCANO CORPORATION,true,
S5 IMAGING SYSTEM P/N 807300001,135179237,VOLCANO CORPORATION,true,
CORE Control Pad,135179237,VOLCANO CORPORATION,true,
Connection Box,135179237,VOLCANO CORPORATION,true,
"PHOENIX ATHERECTOMY DEFLECTING SYSTEM, 2.4MM X 130CM, 7F",788341084,"Volcano Atheromed, Inc.",true,
"PHOENIX ATHERECTOMY DEFLECTING CATHETER, 2.4MM X 130CM, 7F",788341084,"Volcano Atheromed, Inc.",true,
"PHOENIX ATHERECTOMY SYSTEM, 1.5MM X 149CM, 4F",788341084,"Volcano Atheromed, Inc.",true,
"PHOENIX ATHERECTOMY CATHETER, 1.5MM X 149CM, 4F",788341084,"Volcano Atheromed, Inc.",true,
"QuickClear Aspiration Catheter, 10F x 85cm Shaped",788341084,"Volcano Atheromed, Inc.",true,
"QuickClear Aspiration Catheter, 8F x 85cm Shaped",788341084,"Volcano Atheromed, Inc.",true,
"QuickClear Aspiration Catheter, 8F x 85cm Straight",788341084,"Volcano Atheromed, Inc.",true,
"QuickClear Aspiration Catheter, 6F x 130cm Straight",788341084,"Volcano Atheromed, Inc.",true,
Reconnaissance PV .018 OTW Digital IVUS Catheter ,18860556,Philips Image Guided Therapy Corporation,true,
"OmniWire Pressure Guide Wire, J-Tip",18860556,Philips Image Guided Therapy Corporation,true,
"OmniWire Pressure Guide Wire, Straight Tip",18860556,Philips Image Guided Therapy Corporation,true,
VeriSight Pro (3D) ICE Catheter,18860556,Philips Image Guided Therapy Corporation,true,
VeriSight (2D) ICE Catheter,18860556,Philips Image Guided Therapy Corporation,true,
QuickClear Aspiration Pump System,788341084,"Volcano Atheromed, Inc.",true,
"Phoenix Atherectomy Deflecting System , 2.2mm X 130cm 6F",788341084,"Volcano Atheromed, Inc.",true,
"Phoenix Deflecting Atherectomy Catheter, 2.2mm X 130cm , 6F",788341084,"Volcano Atheromed, Inc.",true,
"Phoenix Atherectomy System, 2.4mm X 130cm, 7F",788341084,"Volcano Atheromed, Inc.",true,
"Phoenix Atherectomy Catheter, 2.4mm X 130cm, 7F",788341084,"Volcano Atheromed, Inc.",true,
Verrata Plus Pressure Guide Wire 300CM JTIP,18860556,Philips Image Guided Therapy Corporation,true,
Verrata Plus Pressure Guide Wire 300CM,18860556,Philips Image Guided Therapy Corporation,true,
Verrata Plus Pressure Guide Wire 185CM JTIP,18860556,Philips Image Guided Therapy Corporation,true,
Verrata Plus Pressure Guide Wire 185CM,18860556,Philips Image Guided Therapy Corporation,true,
Visions PV.014P RX Digital IVUS Catheter,18860556,Philips Image Guided Therapy Corporation,true,
Refinity Short Tip Rotational Intravascular Ultrasound IVUS Catheter,18860556,Philips Image Guided Therapy Corporation,true,
Refinity Rotational Intravascular Ultrasound IVUS Catheter,853202646,Volcarica S.R.L.,true,
"Phoenix  Atherectomy System, 2.2mm X 149cm Kit",788341084,"Volcano Atheromed, Inc.",true,
"Phoenix Atherectomy System, 1.8mm X 149cm Kit",788341084,"Volcano Atheromed, Inc.",true,
"Phoenix Atherectomy Deflecting System, 2.4mm X127cm Kit",788341084,"Volcano Atheromed, Inc.",true,
"Phoenix Atherectomy System, 2.2mm X 130cm Kit",788341084,"Volcano Atheromed, Inc.",true,
"Phoenix Atherectomy System, 1.8mm X 130cm Kit",788341084,"Volcano Atheromed, Inc.",true,
Phoenix Wire Support Clip,788341084,"Volcano Atheromed, Inc.",true,
Phoenix Handle,788341084,"Volcano Atheromed, Inc.",true,
"Phoenix  Atherectomy Catheter, 2.2mm X 149cm",788341084,"Volcano Atheromed, Inc.",true,
"Phoenix Atherectomy Catheter, 1.8mm X 149cm",788341084,"Volcano Atheromed, Inc.",true,
"Phoenix Atherectomy Deflecting Catheter, 2.4mm X 127cm",788341084,"Volcano Atheromed, Inc.",true,
"Phoenix Atherectomy Catheter, 2.2mm X 130cm",788341084,"Volcano Atheromed, Inc.",true,
"Phoenix Atherectomy Catheter, 1.8mm X 130cm",788341084,"Volcano Atheromed, Inc.",true,
"Visions PV .035, 90 CM, US Digital IVUS Catheter",18860556,Philips Image Guided Therapy Corporation,true,
Pioneer Plus Catheter,18860556,Philips Image Guided Therapy Corporation,true,
"Crux® Vena Cava FIlter, Jugular",135179237,VOLCANO CORPORATION,true,
"Crux® Vena Cava FIlter, Femoral",135179237,VOLCANO CORPORATION,true,
Verrata Pressure Guide Wire 300cm JTIP,853202646,Volcarica S.R.L.,true,
Verrata Pressure Guide Wire 300cm,853202646,Volcarica S.R.L.,true,
Verrata Pressure Guide Wire 185cm JTIP,853202646,Volcarica S.R.L.,true,
Verrata Pressure Guide Wire 185cm,853202646,Volcarica S.R.L.,true,
Visions PV.014P RX Digital IVUS Catheter,853202646,Volcarica S.R.L.,true,
Visions PV .035 Digital IVUS Catheter,18860556,Philips Image Guided Therapy Corporation,true,
Eagle Eye Platinum ST Digital IVUS Catheter,18860556,Philips Image Guided Therapy Corporation,true,
Eagle Eye Platinum Digital IVUS Catheter,18860556,Philips Image Guided Therapy Corporation,true,
LoMap,18860556,Philips Image Guided Therapy Corporation,true,
PrimeWire Prestige Pressure Guide Wire 300cm JTIP,853202646,Volcarica S.R.L.,true,
PrimeWire Prestige Pressure Guide Wire 300cm ST,853202646,Volcarica S.R.L.,true,
PrimeWire Prestige Pressure Guide Wire 185cm JTIP,853202646,Volcarica S.R.L.,true,
PrimeWire Prestige Pressure Guide Wire 185cm ST,853202646,Volcarica S.R.L.,true,
PrimeWire Prestige Plus Pressure Guide Wire 300cm JTIP,853202646,Volcarica S.R.L.,true,
PrimeWire Prestige Plus Pressure Guide Wire 300cm ST,853202646,Volcarica S.R.L.,true,
PrimeWire Prestige Plus Pressure Guide Wire 185cm JTIP,853202646,Volcarica S.R.L.,true,
PrimeWire Prestige Plus Pressure Guide Wire 185cm ST,853202646,Volcarica S.R.L.,true,
Lifeline,944953959,"LIFELINE FIRST AID, LLC",,true
Volkswagen,944953959,"LIFELINE FIRST AID, LLC",,true
Realtree,944953959,"LIFELINE FIRST AID, LLC",,true
Big 5,944953959,"LIFELINE FIRST AID, LLC",,true
NA,186127825,"BIOMET 3I, LLC",true,
Trabecular Metal™ and TSV®,186127825,"BIOMET 3I, LLC",true,
Eztetic® Implant,186127825,"BIOMET 3I, LLC",true,
BellaTek,186127825,"BIOMET 3I, LLC",true,
Dríva™ Gold Series Drills,186127825,"BIOMET 3I, LLC",true,
Dríva™ Gold Series Drills,186127825,"BIOMET 3I, LLC",,
BELLATEK®,186127825,"BIOMET 3I, LLC",true,
ACT®,186127825,"BIOMET 3I, LLC",true,
OSSEOGUARD®,186127825,"BIOMET 3I, LLC",true,
N/A,186127825,"BIOMET 3I, LLC",true,
Certain,186127825,"BIOMET 3I, LLC",true,
BellaTek® Encode®,186127825,"BIOMET 3I, LLC",true,
CERTAIN®,186127825,"BIOMET 3I, LLC",,
NAVIGATOR® CERTAIN®,186127825,"BIOMET 3I, LLC",true,
NAVIGATOR®,186127825,"BIOMET 3I, LLC",true,
CERTAIN®,186127825,"BIOMET 3I, LLC",true,
CERTAIN® PREFORMANCE®,186127825,"BIOMET 3I, LLC",true,
PREFORMANCE®,186127825,"BIOMET 3I, LLC",true,
OSSEOTITE XP®,186127825,"BIOMET 3I, LLC",true,
QUICKBRIDGE®,186127825,"BIOMET 3I, LLC",true,
CERTAIN® ZIREAL®,186127825,"BIOMET 3I, LLC",true,
BIOGRAN®,186127825,"BIOMET 3I, LLC",true,
REGENEROSS®,186127825,"BIOMET 3I, LLC",true,
EASE Drilling System,186127825,"BIOMET 3I, LLC",true,
ACT® SHORT,186127825,"BIOMET 3I, LLC",true,
3i T3® SHORT,186127825,"BIOMET 3I, LLC",true,
3i T3® SHORT DCD®,186127825,"BIOMET 3I, LLC",true,
BELLATEK® CERTAIN®,186127825,"BIOMET 3I, LLC",true,
3i T3®,186127825,"BIOMET 3I, LLC",true,
3i T3® DCD®,186127825,"BIOMET 3I, LLC",true,
CERTAIN® BELLATEK®,186127825,"BIOMET 3I, LLC",true,
CERTAIN® GINGIHUE®,186127825,"BIOMET 3I, LLC",true,
CERTAIN® EP® TWISTLOCK™,186127825,"BIOMET 3I, LLC",true,
CERTAIN® EP®,186127825,"BIOMET 3I, LLC",true,
CERTAIN® GINIGHUE®,186127825,"BIOMET 3I, LLC",true,
OSSEOTITE® 2,186127825,"BIOMET 3I, LLC",true,
OSSEOTITE® CERTAIN® PREVAIL2,186127825,"BIOMET 3I, LLC",true,
OSSEOTITE® CERTAIN® 2,186127825,"BIOMET 3I, LLC",true,
OSSEOTITE® CERTAIN® PREVAIL,186127825,"BIOMET 3I, LLC",true,
OSSEOTITE® CERTAIN®,186127825,"BIOMET 3I, LLC",true,
EP®,186127825,"BIOMET 3I, LLC",true,
GINGIHUE®,186127825,"BIOMET 3I, LLC",true,
PREP-TITE®,186127825,"BIOMET 3I, LLC",true,
EP® TWIST LOCK™,186127825,"BIOMET 3I, LLC",true,
GOLD-TITE®,186127825,"BIOMET 3I, LLC",true,
ZR™,186127825,"BIOMET 3I, LLC",true,
OSSEOTITE NT®,186127825,"BIOMET 3I, LLC",true,
PROVIDE®,186127825,"BIOMET 3I, LLC",true,
UNISYSTEM™,186127825,"BIOMET 3I, LLC",true,
TG OSSEOTITE®,186127825,"BIOMET 3I, LLC",true,
CERTAIN® PROVIDE®,186127825,"BIOMET 3I, LLC",true,
OSSEOTITE®,186127825,"BIOMET 3I, LLC",true,
OSSEOTITE XP® MINIPLANT®,186127825,"BIOMET 3I, LLC",true,
NANOTITE®,186127825,"BIOMET 3I, LLC",true,
NANOTITE™ CERTAIN®,186127825,"BIOMET 3I, LLC",true,
NANOTITE™CERTAIN®PREVAIL®,186127825,"BIOMET 3I, LLC",true,
LOCATOR®,186127825,"BIOMET 3I, LLC",true,
TG,186127825,"BIOMET 3I, LLC",true,
LTX,186127825,"BIOMET 3I, LLC",true,
CERTAIN ZIREAL GOLD-TITE,186127825,"BIOMET 3I, LLC",true,
"CERTAIN®, GOLD-TITE®",186127825,"BIOMET 3I, LLC",true,
CERTAIN® TWIST LOCK™,186127825,"BIOMET 3I, LLC",true,
CERTAIN® GOLD-TITE®,186127825,"BIOMET 3I, LLC",true,
CERTAIN® QUICKSEAT®,186127825,"BIOMET 3I, LLC",true,
OSSEOTITE XP® CERTAIN®,186127825,"BIOMET 3I, LLC",true,
IOL®,186127825,"BIOMET 3I, LLC",true,
CERTAIN® LOCATOR®,186127825,"BIOMET 3I, LLC",true,
CERTAIN® PREVAIL®,186127825,"BIOMET 3I, LLC",true,
CERTAIN® IOL®,186127825,"BIOMET 3I, LLC",true,
TWIST LOCK™,186127825,"BIOMET 3I, LLC",true,
OSSEOTITE® XP® CERTAIN®,186127825,"BIOMET 3I, LLC",true,
CERTAIN® BELLATEK® ENCODE®,186127825,"BIOMET 3I, LLC",true,
OSSEOTITE® XP®,186127825,"BIOMET 3I, LLC",true,
BELLATEK® ENCODE®,186127825,"BIOMET 3I, LLC",true,
TRESTLE ANTERIOR CERVICAL PLATING SYSTEM,602465783,"ALPHATEC SPINE, INC.",true,
ALPHATEC SOLUS,602465783,"ALPHATEC SPINE, INC.",true,
Arsenal,602465783,"ALPHATEC SPINE, INC.",true,
ATEC Instruments,602465783,"ALPHATEC SPINE, INC.",true,
Cortical Allograft,602465783,"ALPHATEC SPINE, INC.",true,
ATEC Biologics,602465783,"ALPHATEC SPINE, INC.",true,
Arsenal CBx,602465783,"ALPHATEC SPINE, INC.",true,
Battalion Universal Spinal Spacer System,602465783,"ALPHATEC SPINE, INC.",true,
Battalion,602465783,"ALPHATEC SPINE, INC.",true,
Arsenal Degenerative Spinal Fixation System,602465783,"ALPHATEC SPINE, INC.",true,
Xenon,602465783,"ALPHATEC SPINE, INC.",true,
Leucadia Pedicle Screw System,602465783,"ALPHATEC SPINE, INC.",true,
Solanas,602465783,"ALPHATEC SPINE, INC.",true,
Zodiac Spinal Fixation System,602465783,"ALPHATEC SPINE, INC.",true,
Zodiac,602465783,"ALPHATEC SPINE, INC.",true,
SOLANAS AVALON Posterior OccipitoCervicoThoracic (OCT) Fixation System,602465783,"ALPHATEC SPINE, INC.",true,
Illico FS,602465783,"ALPHATEC SPINE, INC.",true,
Illico,602465783,"ALPHATEC SPINE, INC.",true,
Trestle Luxe,602465783,"ALPHATEC SPINE, INC.",true,
Novel Spinal Spacer System,602465783,"ALPHATEC SPINE, INC.",true,
Aspida,602465783,"ALPHATEC SPINE, INC.",true,
Epicage Interbody Fusion System,602465783,"ALPHATEC SPINE, INC.",true,
Osseofix ,764746723,TEKNIMED,true,
Bridgepoint,602465783,"ALPHATEC SPINE, INC.",true,
Novel,602465783,"ALPHATEC SPINE, INC.",true,
Alphatec Solus,602465783,"ALPHATEC SPINE, INC.",true,
BridgePoint,602465783,"ALPHATEC SPINE, INC.",true,
OsseoScrew,602465783,"ALPHATEC SPINE, INC.",true,
Osseoscrew,602465783,"ALPHATEC SPINE, INC.",true,
Invictus,602465783,"ALPHATEC SPINE, INC.",true,
Core Lumbar Fixation System,602465783,"ALPHATEC SPINE, INC.",true,
Osseofix +,602465783,"ALPHATEC SPINE, INC.",true,
AlphaGRAFT,602465783,"ALPHATEC SPINE, INC.",true,
Trestle,602465783,"ALPHATEC SPINE, INC.",true,
DERMACLOSE,31284586,"SYNOVIS MICRO COMPANIES ALLIANCE, INC",true,
Neurotube,31284586,"SYNOVIS MICRO COMPANIES ALLIANCE, INC",true,
GEM VESSEL EVERTER,31284586,"SYNOVIS MICRO COMPANIES ALLIANCE, INC",true,
"GEM FLOW COUPLER AC POWER SUPPLY KIT, US",31284586,"SYNOVIS MICRO COMPANIES ALLIANCE, INC",true,
GEM FLOW COUPLER MONITOR,31284586,"SYNOVIS MICRO COMPANIES ALLIANCE, INC",true,
GEM BiPolar Cord,31284586,"SYNOVIS MICRO COMPANIES ALLIANCE, INC",true,
